#,Keyword,Country,Difficulty,Volume,CPC,CPS,Parent Keyword,Last Update,SERP Features,Global volume,Traffic potential,Global traffic potential,First seen,Intents,Languages,SV trend (06-2024 - 05-2026),SV Forecasting trend (06-2026 - 06-2027),Category
1,casa pariurilor,ro,64,304000,1.30,1.14,casa pariurilor,2026-06-21 16:59:41,"Sitelinks,Knowledge panel,Video preview",338000,346000,379000,2015-09-01,"Informational,Commercial,Branded,Non-local",Romanian,"329056, 280463, 300145, 321102, 312850, 321461, 347478, 310515, 272629, 305319, 334484, 367577, 282296, 267308, 299168, 307659, 289794, 250918, 312808, 261572, 350855, 332544, 322360, 291008","255329, 257577, 298486, 322395, 323159, 307415, 326388, 307099, 332429, 315345, 305942, 276415",Sports betting
2,vlad casino,ro,30,55000,1.60,1.06,vlad casino,2026-06-24 06:16:57,"Top ads,Paid sitelinks,Sitelinks",70000,57000,66000,2018-02-13,"Informational,Navigational,Commercial,Transactional,Branded,Local",English,"45446, 43856, 49031, 47473, 53399, 58099, 69518, 54562, 54183, 51834, 51741, 55441, 53258, 50986, 53261, 51086, 51193, 49928, 66773, 57774, 53493, 58633, 57864, 51615","48741, 45990, 44212, 43260, 43621, 42335, 59354, 50387, 46237, 51436, 50777, 44598, 41821",Gambling
3,vlad cazino,ro,38,21000,1.00,1.06,vlad casino,2026-06-19 03:05:03,Sitelinks,32000,48000,57000,2018-02-13,"Informational,Navigational,Commercial,Transactional,Branded,Non-local",Romanian,"25418, 24415, 25208, 23590, 26316, 29931, 33705, 26876, 23544, 28140, 26211, 24952, 18630, 19798, 21519, 20654, 22397, 23448, 26810, 22402, 19575, 20751, 20546, 18367","17752, 18110, 17124, 16167, 12009, 12735, 25099, 14916, 17027, 16833, 16568, 14589, 14085",Sports betting
4,casino bonus fara depunere,ro,66,14000,2.00,,bonus fara depunere,2026-06-24 21:15:14,,15000,128000,131000,2015-09-04,"Informational,Commercial,Non-branded,Non-local",Romanian,"3670, 4540, 4718, 5269, 5064, 5484, 6293, 9981, 21005, 19952, 11055, 9862, 8349, 9434, 12784, 14794, 13932, 13069, 17518, 16381, 16035, 15446, 13231, 12735","11469, 11348, 10616, 10228, 9606, 9029, 8980, 8842, 9476, 8761, 7219, 6767, 5990",Gambling
5,rotiri fara depunere,ro,72,13000,2.50,,rotiri gratuite fara depunere,2026-06-27 09:51:28,,14000,29000,29000,2019-07-22,"Informational,Commercial,Non-branded,Non-local",Romanian,"7471, 7857, 9631, 9889, 11256, 13879, 14628, 17681, 15347, 15131, 12423, 11201, 9251, 10720, 12648, 13216, 16026, 14001, 16396, 15202, 12717, 12453, 11321, 11942","11437, 12402, 13320, 13365, 14825, 13988, 14426, 15210, 12724, 12459, 11325, 11946",Gambling
6,casino fara depunere,ro,73,13000,1.60,,bonus fara depunere,2026-06-17 18:23:42,,14000,135000,138000,2015-10-15,"Informational,Commercial,Transactional,Non-branded,Non-local",Romanian,"2838, 3273, 3822, 4308, 4612, 5021, 5887, 8972, 18216, 18425, 10861, 9481, 8103, 9124, 13112, 14794, 14724, 13651, 15010, 14529, 14291, 13828, 12075, 11449","10435, 10293, 9782, 9373, 8880, 8419, 8229, 8137, 8576, 8100, 6830, 6292, 5642",Gambling
7,bonus casino,ro,78,8400,4.00,1.03,888,2026-06-21 13:17:31,Sitelinks,35000,89000,94000,2015-09-01,"Informational,Commercial,Transactional,Non-branded,Non-local",English,"1523, 1516, 1574, 1411, 1997, 2396, 2346, 1803, 12133, 14486, 9518, 8046, 6515, 8458, 8600, 9915, 11662, 9762, 8299, 8210, 8561, 8118, 6823, 6321","5641, 5549, 5053, 4834, 4684, 4122, 3764, 3531, 4446, 4091, 3200, 2838, 2463",Gambling
8,cazinouri fara depunere,ro,70,8400,1.30,,bonus fara depunere,2026-06-21 17:38:13,Bottom ads,8800,130000,133000,2016-01-16,"Informational,Commercial,Transactional,Non-branded,Non-local",Romanian,"1498, 1788, 2293, 2268, 2323, 2860, 3405, 7315, 13258, 13717, 8795, 8721, 6029, 7461, 9062, 10873, 11242, 11051, 9310, 13524, 10703, 1978, 4026, 5315","4814, 4789, 4963, 5548, 5590, 5839, 5779, 7227, 7230, 8144, 6919, 5829, 5276",Gambling
9,casino online bonus fara depunere,ro,72,6600,1.60,,bonus fara depunere,2026-06-17 16:39:31,,7400,135000,138000,2016-01-19,"Informational,Commercial,Non-branded,Non-local",Romanian,"693, 841, 849, 1026, 1018, 1677, 1984, 4386, 8422, 12039, 6613, 5567, 4552, 6882, 6126, 8111, 8016, 6688, 6728, 6345, 6647, 6938, 6169, 6656","6849, 7445, 7361, 7454, 7288, 7006, 6905, 6527, 6828, 7120, 6350, 6837",Casino games; Gambling
10,oferte casino,ro,69,5600,5.00,,oferte casino,2026-06-21 22:03:05,,5900,3100,3300,2018-05-12,"Informational,Commercial,Transactional,Non-branded,Non-local",Romanian,"426, 524, 527, 436, 538, 537, 533, 3169, 8043, 9522, 5886, 5846, 3981, 4953, 6060, 7317, 7476, 6260, 6105, 7566, 6995, 4759, 1924, 3897","3081, 3383, 3213, 2972, 2717, 2695, 3108, 6427, 6618, 5587, 4617, 4350, 3436",Gambling
11,casino bonus,ro,75,5500,2.50,0.45,888 casino bonus fara depunere,2026-06-15 04:36:19,Sitelinks,103000,5000,5200,2015-09-01,"Informational,Commercial,Non-branded,Non-local",English,"696, 768, 688, 693, 797, 1380, 1377, 3745, 10230, 14425, 5767, 5719, 4690, 6071, 6201, 6051, 7031, 5827, 5826, 7101, 6552, 4453, 2194, 3788","3399, 3371, 3158, 2982, 2874, 2725, 2609, 2798, 3271, 3454, 2418, 2199, 1933",Gambling
12,bonusuri casino,ro,71,4800,4.00,,bonus fara depunere,2026-06-21 10:42:23,,5300,131000,134000,2016-12-30,"Informational,Commercial,Transactional,Non-branded,Non-local",Romanian,"746, 750, 742, 605, 898, 1094, 1074, 2839, 6881, 8425, 5172, 4360, 3501, 4355, 4624, 5483, 6591, 5458, 4688, 4643, 5001, 4788, 4290, 3901","3643, 3559, 3390, 3155, 3106, 2906, 2758, 2802, 3085, 3071, 2559, 2311, 2071",Gambling
13,vladcazino,ro,42,3300,1.40,0.94,vlad casino,2026-06-20 07:14:47,Sitelinks,4100,48000,57000,2018-02-12,"Navigational,Transactional,Branded,Non-local",,"3518, 3042, 3058, 3114, 3642, 4266, 4349, 4323, 3597, 4332, 4296, 3729, 3004, 3162, 3699, 3077, 3656, 3666, 3540, 3322, 3085, 3419, 3259, 3072","2893, 2872, 2918, 2712, 2949, 3092, 3490, 3153, 2915, 3251, 3091, 2906, 2727",Gambling
14,casapariurilor,ro,0,3200,1.80,1.12,casa pariurilor,2026-06-21 22:01:11,Sitelinks,4500,346000,379000,2015-09-01,"Informational,Navigational,Commercial,Branded,Non-local",Romanian,"3804, 2507, 2472, 3041, 3034, 3044, 3041, 2509, 2690, 3837, 3560, 4205, 2981, 2506, 2491, 3422, 3568, 3817, 3737, 2525, 4324, 3998, 3330, 2216","2292, 1751, 3415, 3372, 3519, 3770, 3693, 2483, 4284, 3959, 3293, 2180, 2258",Sports betting
15,gets bet casino,ro,62,3000,0.20,,getsbet,2026-06-24 21:16:24,,3700,247000,257000,2016-12-01,"Informational,Commercial,Transactional,Non-branded,Non-local",English,"2803, 2369, 2524, 3162, 4811, 4566, 7598, 2405, 1608, 2806, 3792, 1941, 2406, 1842, 2163, 2721, 4824, 4287, 7735, 1645, 908, 2473, 3312, 1536","2028, 1513, 1772, 2403, 4361, 3967, 7346, 1491, 698, 2139, 3102, 1218, 1724",Sports betting
16,fara depunere,ro,74,2800,2.00,,bonus fara depunere,2026-06-17 12:22:07,,3100,134000,137000,2016-07-03,"Informational,Non-branded,Non-local",Romanian,"4718, 4700, 5607, 7004, 7025, 2576, 2678, 2434, 1813, 1603, 1539, 1797, 1706, 7143, 8584, 2255, 2586, 2092, 2097, 1821, 1609, 1477, 1348, 1449","1646, 2015, 2150, 1681, 1765, 1269, 1592, 1264, 1052, 921, 791, 892, 1089",Services
17,casa pariurilor oferta,ro,25,2400,1.20,1.14,casa pariurilor,2026-06-27 09:14:09,Sitelinks,2600,347000,379000,2015-09-01,"Informational,Commercial,Branded,Non-local",Romanian,"733, 961, 1826, 3131, 4644, 4029, 3235, 2309, 2593, 2530, 1837, 1019, 564, 962, 1827, 3131, 4644, 4030, 3236, 2309, 2593, 2530, 1837, 1019","564, 962, 1827, 3131, 4644, 4030, 3236, 2309, 2593, 2530, 1837, 1019, 564",Sports betting
18,jocuri gratuite,ro,63,2300,0.01,0.96,poki,2026-06-12 05:40:43,"Top ads,Sitelinks,Bottom ads,Paid sitelinks",2800,332000,367000,2015-09-02,"Informational,Non-branded,Non-local",Romanian,"2143, 2088, 2216, 2150, 2205, 2462, 2632, 2784, 2364, 2354, 2258, 2085, 2142, 2086, 2215, 2148, 2204, 2461, 2631, 2783, 2363, 2353, 2258, 2084","2141, 2086, 2214, 2148, 2203, 2461, 2630, 2783, 2363, 2352, 2257, 2084, 2141",Browser games; Casual games
19,bonus fara depunere la inregistrare,ro,70,1900,1.50,,bonus fara depunere,2026-06-22 01:10:10,,2000,130000,133000,2019-08-06,"Informational,Commercial,Transactional,Non-branded,Non-local",Romanian,"308, 250, 363, 297, 254, 307, 361, 451, 355, 432, 188, 542, 359, 422, 612, 724, 1033, 1355, 1321, 3033, 4392, 3596, 2078, 3489","3422, 3353, 3281, 3208, 3233, 3208, 3204, 3295, 3242, 3185, 3024, 3030, 2953",Gambling
20,888.ro,ro,60,1900,1.00,1.07,casino 888,2026-06-22 07:58:46,,2300,600,900,2016-01-22,"Navigational,Transactional,Branded,Non-local",,"710, 722, 731, 582, 478, 490, 587, 488, 470, 781, 585, 709, 722, 795, 1061, 1587, 2458, 3051, 2416, 2401, 2128, 2168, 2027, 2319","2115, 2118, 2202, 2217, 2412, 2448, 2500, 2445, 2166, 2206, 2063, 2360, 2152",Sports betting
21,casa pariului,ro,22,1700,1.30,1.23,casa pariurilor,2026-06-12 10:13:39,Sitelinks,1900,334000,366000,2015-09-07,"Informational,Navigational,Branded,Local",Romanian,"815, 928, 682, 810, 658, 544, 811, 968, 809, 946, 820, 1220, 801, 1244, 2197, 2581, 2602, 1739, 2219, 1482, 1240, 1476, 1508, 1347","1360, 1395, 1454, 1546, 1493, 1303, 1377, 1499, 1432, 1436, 1384, 1342, 1356",Sports betting; Sports
22,case pariuri online,ro,76,1700,4.50,1.22,pariuri sportive,2026-06-21 13:12:39,Sitelinks,2000,12000,14000,2015-09-03,"Informational,Commercial,Transactional,Non-branded,Non-local",Romanian,"983, 1006, 1277, 1283, 1302, 1290, 1582, 1605, 1573, 1828, 1563, 1572, 1247, 1433, 1435, 1957, 1692, 1762, 1831, 1885, 1998, 1824, 1715, 1664","1526, 1537, 1775, 1965, 2117, 2153, 2215, 2194, 2313, 2100, 1965, 1896, 1731",Sports betting
23,l1254450w001663,ro,6,1700,0.40,,casa pariurilor,2026-06-28 14:37:12,"Sitelinks,Video preview",1900,347000,379000,2025-07-03,"Informational,Non-branded,Non-local",,"0, 0, 0, 0, 0, 0, 0, 0, 0, 0, 0, 0, 0, 2168, 1491, 2798, 1353, 102, 1810, 2393, 2750, 2782, 2767, 546",2032,Technical reference
24,casapariurilor.ro,ro,7,1700,1.80,1.14,casa pariurilor,2026-06-21 05:45:01,"Sitelinks,Video preview",2200,347000,379000,2015-09-01,"Navigational,Transactional,Branded,Non-local",,"1793, 1623, 1981, 2109, 2172, 2093, 2101, 2003, 1960, 1633, 1647, 1485, 1622, 1452, 1812, 1942, 2006, 1928, 1938, 1841, 1799, 1473, 1488, 1328","1466, 1297, 1658, 1789, 1854, 1778, 1788, 1693, 1652, 1327, 1343, 1184, 1323",Sports betting
25,casa pariuri,ro,30,1600,2.00,1.05,casa pariurilor,2026-06-19 22:55:36,"Sitelinks,Local pack",1800,347000,380000,2015-09-02,"Informational,Navigational,Commercial,Transactional,Branded,Non-local",Romanian,"1099, 1039, 1301, 1314, 1336, 1333, 1297, 1041, 873, 1280, 1598, 1939, 1583, 2035, 1651, 1351, 1601, 1668, 2103, 1564, 1510, 1572, 1418, 1417","1293, 1486, 1729, 1562, 1620, 1511, 1593, 1565, 1511, 1573, 1419, 1417, 1293",Sports betting; Sports
26,888 casino bonus fara depunere,ro,64,1600,1.60,,bonus casino,2026-06-20 19:03:41,Sitelinks,1700,7500,7700,2020-02-26,"Informational,Commercial,Transactional,Branded,Non-local",Romanian,"809, 930, 818, 458, 660, 528, 923, 957, 1229, 1202, 958, 820, 824, 964, 680, 1267, 2828, 3465, 2326, 2356, 1582, 1016, 798, 1032","999, 1051, 953, 858, 992, 979, 982, 1068, 1031, 1008, 1015, 1020, 986",Gambling
27,cazinouri online fara depunere,ro,72,1600,1.80,,bonus fara depunere,2026-06-13 20:43:45,,1900,138000,141000,2017-12-06,"Informational,Commercial,Non-branded,Non-local",Romanian,"540, 551, 828, 689, 828, 818, 953, 1201, 913, 935, 959, 927, 668, 924, 1076, 1821, 2302, 1920, 1911, 2060, 1812, 1788, 1793, 1802","1711, 1811, 1872, 1976, 2048, 1993, 2091, 2224, 1976, 1952, 1957, 1966",Gambling
28,casa casino,ro,36,1500,1.30,,casa pariurilor,2026-06-10 12:22:08,Local pack,2200,333000,365000,2018-01-05,"Informational,Navigational,Commercial,Transactional,Branded,Non-local",Romanian,"542, 383, 555, 669, 694, 1019, 1233, 1307, 1262, 1494, 1905, 1893, 1875, 1577, 1315, 1315, 1301, 1092, 1617, 1628, 1307, 1551, 1356, 1504","1488, 1406, 1406, 1370, 1391, 1449, 1475, 1475, 1400, 1398, 1384, 1393, 1376",Sports betting
29,casa pariurilor rotiri gratuite,ro,61,1400,1.60,,bonus casino,2026-06-21 17:09:27,Sitelinks,1500,4000,4100,2020-05-01,"Informational,Commercial,Transactional,Branded,Non-local",Romanian,"288, 958, 944, 789, 1144, 685, 2144, 521, 481, 573, 554, 3813, 2069, 453, 1211, 1160, 1337, 1358, 1481, 1350, 1392, 1490, 1312, 1701","1491, 1495, 1579, 1568, 1623, 1643, 1884, 1658, 1700, 1798, 1620, 2009, 1799",Sports betting
30,bonus,ro,51,1400,1.30,0.52,bonus,2026-06-08 07:38:19,"AI Overview,Thumbnail,Video preview,Image pack",256000,600,600,2015-09-06,"Informational,Commercial,Transactional,Non-branded,Non-local",Romanian,"1166, 1127, 1123, 1194, 1206, 1285, 1316, 1375, 1387, 1368, 1385, 1300, 1310, 1265, 1259, 1337, 1349, 1436, 1469, 1533, 1546, 1523, 1541, 1445","1454, 1403, 1395, 1480, 1492, 1587, 1622, 1692, 1704, 1678, 1696, 1589, 1598",Gambling
31,bonus fără depunere,ro,72,1300,4.00,,bonus fara depunere,2026-06-20 05:48:39,,1500,131000,134000,2018-03-05,"Informational,Commercial,Transactional,Non-branded,Non-local",Romanian,"715, 712, 880, 1008, 878, 998, 731, 1312, 1012, 1261, 883, 1013, 858, 1081, 927, 1154, 1223, 1283, 968, 1547, 2139, 2569, 1220, 1159","1175, 1248, 1329, 1405, 1335, 1354, 1363, 1618, 1517, 1646, 1361, 1381, 1397",Gambling
32,rotiri gratuite la inregistrare,ro,74,1300,3.00,,rotiri gratuite fara depunere,2026-06-01 07:23:32,,1500,168000,172000,2016-12-14,"Informational,Commercial,Transactional,Non-branded,Non-local",Romanian,"814, 835, 1488, 1353, 1205, 1466, 2147, 2358, 1553, 1783, 1217, 1518, 960, 1080, 1098, 1423, 1496, 1209, 1405, 1471, 1350, 1367, 1215, 1306","1142, 1165, 1184, 1192, 1191, 1206, 1340, 1407, 1285, 1303, 1150, 1241, 1077",Gambling
33,casa pariurilor jocuri,ro,57,1300,1.00,,casa pariurilor,2026-06-24 16:23:57,,1400,347000,379000,2015-12-15,"Informational,Navigational,Branded,Non-local",Romanian,"2693, 2314, 1867, 1874, 2276, 2306, 2291, 2314, 2261, 2271, 1539, 2291, 1477, 1274, 1512, 1251, 1498, 1430, 1583, 1325, 1238, 988, 840, 930","804, 823, 816, 742, 805, 846, 852, 915, 911, 986, 740, 831, 719",Sports betting
34,casino cu bonus fara depunere,ro,66,1200,2.00,,bonus fara depunere,2026-06-27 18:59:03,,1700,128000,131000,2015-10-21,"Informational,Commercial,Non-branded,Non-local",Romanian,"424, 425, 432, 345, 361, 1290, 1597, 1814, 1025, 3483, 1831, 1057, 1558, 2025, 1391, 1250, 903, 924, 915, 1050, 906, 1130, 1014, 886","887, 862, 810, 779, 777, 912, 901, 936, 788, 1015, 899, 773",Gambling
35,casa.pariurilor,ro,27,1200,1.30,1.08,casa pariurilor,2026-06-19 01:55:45,Sitelinks,1300,347000,380000,2015-09-02,"Navigational,Branded,Non-local",Romanian,"1042, 966, 974, 1025, 1011, 1014, 1189, 1218, 1080, 1307, 1276, 1537, 1008, 1166, 1221, 1352, 1256, 1056, 1294, 1304, 1273, 1291, 1197, 1196","1107, 1126, 1184, 1206, 1235, 1188, 1274, 1308, 1277, 1295, 1201, 1200, 1111",Sports betting
36,casa pariurilor fotbal azi,ro,53,1100,0.60,,casa pariurilor oferta fotbal azi,2026-06-20 07:51:20,"Sitelinks,Video preview",1200,1700,1900,2018-02-15,"Navigational,Transactional,Branded,Non-local",Romanian,"2065, 1760, 2046, 2583, 3079, 786, 636, 1740, 1679, 1717, 1115, 970, 933, 1424, 1118, 1724, 1376, 922, 389, 958, 1344, 594, 1048, 1101","783, 739, 833, 826, 842, 357, 216, 656, 998, 284, 739, 808, 499",Sports betting; Soccer
37,888 casino 25 lei,ro,60,1100,,,888 casino 25 lei,2026-06-18 03:54:35,,1400,350,350,2022-10-06,"Informational,Commercial,Transactional,Branded,Non-local",Romanian,"360, 222, 345, 350, 270, 401, 373, 635, 718, 765, 564, 632, 620, 778, 820, 1464, 2245, 1862, 1256, 919, 935, 937, 638, 483",684,Gambling
38,casino online romania bonus fara depunere,ro,76,1100,1.50,,bonus fara depunere,2026-06-13 15:03:45,Sitelinks,1400,138000,141000,2016-06-11,"Informational,Commercial,Transactional,Non-branded,Non-local",Romanian,"264, 494, 601, 407, 483, 499, 505, 765, 720, 703, 481, 403, 499, 556, 583, 719, 522, 731, 1049, 1484, 2095, 1787, 1746, 1394","1335, 1407, 1550, 1434, 1562, 1457, 1518, 1848, 1817, 1836, 1917, 1561, 1479",Gambling
39,casa pariurilor deschis acum,ro,16,1100,1.00,,casa pariurilor,2026-06-18 02:54:21,"Sitelinks,Knowledge panel",1100,348000,380000,2023-11-18,"Informational,Navigational,Commercial,Transactional,Branded,Local",Romanian,"438, 365, 366, 451, 451, 364, 450, 566, 446, 557, 677, 550, 800, 843, 944, 927, 830, 959, 1262, 1150, 1187, 1220, 1231, 1270","1312, 1320, 1356, 1372, 1385, 1389, 1437, 1438, 1476, 1509, 1519, 1559, 1600",Sports betting
40,bonus la inregistrare,ro,63,1100,3.50,1.48,bonus fara depunere,2026-06-14 22:27:32,,1300,138000,142000,2016-05-19,"Informational,Non-branded,Non-local",Romanian,"561, 666, 689, 709, 814, 849, 944, 1250, 1218, 1185, 940, 946, 676, 766, 1009, 1369, 1143, 1133, 1149, 1361, 1305, 1163, 959, 1018","860, 1012, 1152, 1311, 1200, 1227, 1293, 1485, 1429, 1287, 1083, 1142, 984",Human; Planning
41,case de pariuri,ro,74,1000,6.00,0.98,unibet.ro,2026-06-16 17:35:22,Sitelinks,1400,14000,15000,2015-09-09,"Informational,Commercial,Non-branded,Non-local",Romanian,"943, 897, 1009, 1023, 1307, 1242, 1219, 1066, 1079, 1037, 1124, 930, 898, 854, 960, 973, 1243, 1181, 1159, 1013, 1026, 986, 1068, 883","853, 811, 911, 924, 1179, 1120, 1099, 961, 972, 934, 1012, 837, 808",Sports betting; Business
42,bonus de bun venit,ro,62,1000,5.00,1.18,bonus de bun venit,2026-06-15 09:18:48,Featured snippet,1500,200,200,2015-12-22,"Informational,Commercial,Non-branded,Non-local",Romanian,"490, 830, 659, 508, 614, 623, 891, 895, 886, 1066, 865, 888, 619, 878, 794, 1483, 1164, 1064, 1105, 1127, 1127, 1146, 1089, 1125","1090, 1139, 1100, 1141, 1189, 1231, 1191, 1214, 1214, 1233, 1177, 1214",Gambling
43,casa jocuri,ro,41,1000,0.90,,casa pariurilor casino,2026-06-10 12:17:36,Sitelinks,1200,36000,39000,2015-12-28,"Informational,Commercial,Transactional,Branded,Non-local",Romanian,"832, 878, 904, 800, 833, 930, 981, 1044, 1001, 919, 900, 911, 902, 945, 968, 861, 891, 985, 1034, 1094, 1048, 965, 943, 952","941, 982, 1004, 895, 924, 1016, 1063, 1123, 1075, 990, 968, 976, 963",Sports betting
44,oferta casa pariurilor,ro,20,1000,0.70,1.08,casa pariurilor,2026-06-20 11:56:59,Sitelinks,1200,347000,380000,2015-09-01,"Informational,Commercial,Branded,Non-local",Romanian,"1549, 1577, 1783, 1791, 1779, 2082, 2085, 2124, 1758, 1779, 1595, 1259, 834, 970, 988, 1402, 2235, 1264, 877, 435, 2231, 397, 267, 227","193, 164, 140, 2111, 2240, 1316, 890, 312, 2250, 432, 38, 32, 27",Sports betting
45,casa pariu,ro,21,900,2.50,1.08,casa pariurilor,2026-06-12 10:05:22,Sitelinks,1000,334000,366000,2015-09-01,"Informational,Navigational,Commercial,Transactional,Branded,Non-local",Romanian,"518, 537, 649, 730, 702, 695, 700, 591, 485, 745, 841, 1073, 887, 1046, 901, 749, 910, 872, 881, 782, 809, 835, 831, 843","800, 880, 906, 876, 880, 808, 818, 719, 745, 771, 767, 780",Sports betting
46,princess casino rotiri gratuite,ro,67,900,1.80,,rotiri gratuite fara depunere,2026-06-13 13:35:38,,1400,4600,4700,2020-07-31,"Informational,Commercial,Branded,Non-local",Romanian,"1298, 978, 735, 712, 999, 993, 698, 584, 557, 580, 562, 1271, 687, 558, 381, 523, 1088, 1431, 976, 982, 937, 875, 962, 1090","1064, 843, 801, 888, 1102, 1004, 792, 776, 768, 760, 744, 791, 692",Lottery
47,winbet romania,ro,60,900,0.35,,winbet,2026-06-24 17:36:47,Sitelinks,1400,169000,177000,2016-02-01,"Informational,Commercial,Branded,Non-local",English,"713, 758, 739, 751, 932, 903, 1039, 956, 565, 729, 570, 492, 492, 671, 1162, 1401, 1090, 813, 924, 899, 806, 817, 754, 740","692, 693, 700, 690, 741, 712, 762, 742, 650, 666, 604, 594",Sports betting
48,bonus la depunere,ro,57,900,6.00,,bonus la prima depunere,2026-06-21 21:25:04,Sitelinks,1000,350,350,2015-09-21,"Informational,Commercial,Non-branded,Non-local",Romanian,"406, 403, 486, 597, 719, 487, 606, 607, 727, 873, 886, 738, 735, 781, 646, 1015, 899, 707, 873, 983, 1003, 1352, 811, 1029","1009, 956, 977, 1010, 1013, 1089, 1187, 1085, 1162, 1177, 1238, 1054, 1030",Sports betting
49,8888 casino,ro,75,900,0.90,,888,2026-06-21 21:05:06,"Sitelinks,Thumbnail,Video preview",14000,84000,88000,2015-10-06,"Informational,Navigational,Commercial,Transactional,Branded,Non-local",English,"256, 313, 304, 309, 467, 466, 676, 689, 700, 841, 834, 578, 700, 926, 762, 744, 1004, 1638, 905, 1125, 895, 785, 733, 637","714, 597, 590, 898, 1257, 1226, 1087, 1126, 895, 786, 734, 637, 714",Gambling
50,vlad cazino.ro,ro,22,800,1.10,,vlad casino,2026-06-27 12:25:17,Sitelinks,1100,55000,64000,2018-02-16,"Informational,Commercial,Branded,Non-local",Romanian,"465, 578, 679, 829, 840, 1007, 1188, 844, 634, 812, 625, 1013, 802, 851, 1019, 840, 846, 809, 763, 663, 644, 702, 742, 674","584, 617, 660, 579, 629, 626, 767, 662, 643, 701, 741, 674, 584",Sports betting
51,888 casino bonus,ro,59,800,0.90,,888 casino bonus fara depunere,2026-06-27 07:32:39,,13000,4500,4700,2019-01-04,"Informational,Commercial,Branded,Non-local",English,"1383, 1141, 769, 1445, 1549, 1957, 2337, 1737, 876, 844, 745, 759, 636, 799, 791, 868, 1304, 950, 732, 837, 591, 584, 610, 592","532, 462, 397, 374, 483, 599, 688, 716, 467, 467, 491, 479",Gambling
52,casa pariurilor.ro,ro,48,800,1.70,1.16,casa pariurilor,2026-06-28 04:03:48,Sitelinks,900,347000,379000,2015-09-01,"Informational,Navigational,Branded,Non-local",Romanian,"664, 768, 801, 873, 931, 867, 960, 866, 895, 804, 633, 653, 614, 711, 742, 810, 865, 806, 893, 807, 835, 750, 592, 611","575, 666, 696, 761, 813, 758, 841, 761, 788, 708, 559, 578",Sports betting
53,vlad cazino bonus fara depunere,ro,56,800,1.40,,vlad cazino rotiri gratuite fara depunere,2026-06-14 05:29:28,,1100,1100,1100,2019-04-07,"Informational,Commercial,Transactional,Branded,Non-local",Romanian,"535, 351, 527, 536, 773, 650, 652, 666, 635, 625, 626, 530, 518, 592, 586, 788, 758, 910, 885, 975, 911, 902, 730, 856","789, 814, 831, 800, 847, 889, 1032, 927, 884, 950, 948, 880, 813",Gambling
54,aparate fara depunere,ro,72,800,2.00,,bonus fara depunere,2026-06-13 23:44:29,,800,138000,141000,2020-12-09,"Informational,Commercial,Transactional,Non-branded,Non-local",Romanian,"311, 318, 262, 259, 464, 379, 379, 586, 850, 574, 702, 380, 382, 701, 581, 856, 901, 310, 1299, 1316, 1012, 600, 422, 831","838, 892, 908, 968, 1028, 1000, 1058, 1145, 1133, 1133, 1194, 1142, 1149",Gambling
55,vlad cazino autentificare,ro,56,800,0.80,,vlad cazino autentificare,2026-06-17 07:49:30,,1000,350,350,2019-02-09,"Navigational,Transactional,Branded,Non-local",Romanian,"558, 558, 548, 668, 924, 960, 1200, 935, 833, 803, 928, 924, 658, 863, 851, 707, 712, 829, 944, 824, 783, 815, 848, 810","759, 811, 799, 777, 833, 811, 914, 826, 784, 816, 850, 811, 760",Gambling
56,bonus bun venit,ro,66,800,5.00,,bonus de bun venit,2026-06-24 13:45:46,Video preview,900,200,200,2016-10-22,"Informational,Commercial,Branded,Non-local",Romanian,"279, 289, 289, 238, 364, 437, 444, 465, 455, 661, 549, 459, 379, 617, 553, 676, 674, 590, 662, 869, 922, 1391, 648, 1016","968, 1015, 1002, 1046, 1200, 1292, 1156, 1151, 1151, 1194, 1184, 1103, 1050",Savings accounts
57,casino online bonus,ro,79,700,1.90,,888,2026-06-21 01:20:02,,13000,89000,94000,2017-03-19,"Informational,Commercial,Transactional,Non-branded,Non-local",English,"145, 112, 164, 189, 224, 124, 329, 731, 581, 1844, 745, 155, 568, 790, 886, 908, 804, 373, 337, 503, 996, 841, 474, 493","529, 544, 555, 561, 566, 508, 539, 584, 551, 681, 562, 499, 536",Gambling
58,cazinouri bonus fara depunere,ro,67,700,2.50,,bonus fara depunere,2026-06-20 03:15:52,Sitelinks,800,131000,134000,2017-02-01,"Informational,Commercial,Transactional,Non-branded,Non-local",Romanian,"304, 318, 391, 395, 392, 478, 604, 845, 354, 321, 696, 558, 450, 620, 658, 765, 800, 737, 847, 990, 657, 701, 887, 789","736, 832, 835, 875, 870, 854, 958, 1101, 769, 813, 998, 901, 847",Gambling
59,casa par,ro,19,700,1.00,0.93,casa pariurilor,2026-06-14 15:04:44,"Sitelinks,Video preview",1000,346000,378000,2015-09-07,"Informational,Non-branded,Local","Spanish,Portuguese","678, 786, 802, 866, 848, 813, 646, 725, 827, 759, 615, 788, 664, 770, 785, 848, 830, 796, 632, 710, 809, 743, 602, 771","650, 753, 768, 830, 812, 779, 619, 695, 792, 727, 589, 754, 636",Residential sales
60,princess casino bonus,ro,61,700,1.60,,princess casino bonus,2026-06-27 21:24:02,Sitelinks,1200,600,600,2020-07-19,"Informational,Commercial,Branded,Non-local",English,"620, 1053, 622, 612, 595, 597, 614, 780, 747, 590, 482, 327, 216, 479, 380, 373, 427, 632, 811, 1111, 1538, 1036, 639, 1076","1009, 1060, 902, 970, 1004, 1044, 1097, 1178, 1112, 1089, 1050, 1056, 993",Gambling
61,cele mai bune case de pariuri online,ro,68,700,3.00,1.49,pariuri sportive,2026-06-10 18:37:55,Sitelinks,900,11000,11000,2015-10-16,"Informational,Commercial,Non-branded,Non-local",Romanian,"344, 232, 286, 352, 352, 288, 351, 354, 409, 611, 424, 415, 287, 473, 689, 780, 631, 674, 789, 704, 783, 819, 688, 692","621, 600, 651, 727, 748, 747, 723, 713, 792, 828, 695, 699, 627",Sports betting
62,bonusuri,ro,70,700,1.80,0.48,bonus fara depunere,2026-06-15 09:02:13,,1200,135000,139000,2015-10-05,"Informational,Commercial,Transactional,Non-branded,Non-local",Romanian,"349, 355, 291, 427, 432, 425, 650, 796, 652, 775, 542, 633, 518, 597, 492, 566, 830, 699, 846, 776, 835, 789, 767, 724","660, 663, 600, 638, 758, 790, 802, 792, 848, 798, 775, 730, 665",Gambling
63,winbet bonus fara depunere,ro,54,700,0.80,,winbet bonus fara depunere,2026-06-09 22:13:55,,900,1000,1000,2020-02-06,"Informational,Commercial,Transactional,Branded,Non-local",Romanian,"2032, 2065, 1725, 1361, 1049, 1071, 1368, 1990, 1669, 1351, 1009, 610, 748, 726, 609, 812, 667, 825, 760, 846, 811, 724, 750, 589","780, 721, 709, 725, 734, 699, 650, 757, 708, 634, 651, 499, 685",Sports betting
64,casa pariurilor apk,ro,31,600,1.80,1.1,casa pariurilor apk,2026-06-21 21:29:15,,800,1800,2100,2015-09-01,"Informational,Transactional,Branded,Non-local",Romanian,"1383, 1130, 1169, 1520, 1625, 1981, 2000, 1542, 796, 925, 678, 678, 441, 591, 716, 842, 702, 477, 763, 559, 513, 431, 359, 316","261, 208, 177, 219, 147, 99, 63, 53, 45, 39, 33, 28, 24",Sports betting; Add-ons
65,vlad cazino rotiri gratuite,ro,56,600,1.40,,oferte casino,2026-06-10 13:25:44,"Sitelinks,Video preview",700,3000,3200,2018-03-19,"Informational,Commercial,Transactional,Branded,Non-local",Romanian,"513, 514, 413, 419, 412, 268, 226, 337, 400, 508, 622, 509, 335, 223, 219, 330, 518, 533, 853, 1270, 1085, 630, 348, 639","655, 626, 573, 572, 606, 596, 597, 618, 601, 600, 573, 513, 545",Lottery
66,888 casino 88 rotiri,ro,64,600,0.70,,bonus casino,2026-06-19 02:28:52,,900,7700,7900,2020-12-29,"Informational,Commercial,Transactional,Branded,Non-local",Romanian,"554, 569, 573, 1090, 1219, 1800, 621, 2531, 1088, 769, 345, 414, 341, 299, 458, 805, 984, 589, 442, 996, 731, 691, 498, 568","619, 442, 513, 511, 695, 579, 360, 898, 647, 607, 416, 486, 537",Gambling
67,cont casa pariurilor,ro,17,600,2.50,1.39,casa pariurilor,2026-06-14 00:49:47,Sitelinks,600,346000,378000,2015-09-25,"Informational,Transactional,Branded,Non-local",Romanian,"864, 863, 842, 743, 583, 486, 585, 394, 463, 574, 722, 803, 714, 619, 509, 619, 630, 453, 515, 529, 572, 528, 604, 609","546, 534, 551, 616, 653, 728, 776, 748, 801, 732, 829, 830, 738",Sports betting
68,princess casino bonus fara depunere,ro,67,600,1.80,,rotiri gratuite fara depunere,2026-06-08 03:57:18,,800,3800,3900,2020-08-15,"Informational,Commercial,Branded,Non-local",Romanian,"319, 727, 581, 400, 697, 708, 720, 606, 573, 956, 1282, 1328, 575, 578, 347, 399, 398, 399, 409, 439, 416, 427, 462, 448","383, 408, 355, 288, 366, 385, 383, 420, 391, 406, 439",Gambling
69,bonus cazino,ro,71,600,4.00,,bonus fara depunere,2026-06-26 01:32:26,Local pack,800,128000,131000,2016-10-04,"Informational,Commercial,Non-branded,Non-local",Romanian,"274, 272, 262, 225, 321, 396, 388, 808, 217, 268, 228, 220, 217, 337, 352, 326, 396, 404, 1280, 888, 694, 711, 625, 588","523, 529, 468, 486, 955, 720, 937, 889, 695, 711, 625, 588, 524",Gambling
70,bonus casino online,ro,78,600,4.00,,bonus fara depunere,2026-06-15 03:28:40,,4800,135000,139000,2018-03-21,"Informational,Commercial,Transactional,Non-branded,Non-local",English,"308, 306, 208, 394, 395, 329, 708, 922, 1157, 3446, 489, 997, 523, 966, 1198, 981, 370, 302, 271, 292, 480, 864, 356, 523","463, 498, 509, 518, 485, 464, 499, 521, 500, 797, 486, 523, 463",Gambling
71,case de pariuri online,ro,73,600,6.00,1.3,unibet.ro,2026-06-17 09:26:21,,1400,11000,11000,2015-09-03,"Informational,Commercial,Non-branded,Non-local",Romanian,"379, 477, 766, 561, 864, 570, 670, 657, 770, 803, 693, 568, 379, 477, 766, 561, 864, 569, 670, 657, 770, 803, 693, 568","379, 477, 766, 561, 864, 569, 670, 657, 770, 803, 693, 568, 379",Sports betting; Sports
72,888 casino online,ro,72,600,1.30,,888 casino,2026-06-25 22:58:03,Sitelinks,6600,28000,294000,2016-07-08,"Navigational,Commercial,Transactional,Branded,Non-local",English,"263, 207, 250, 306, 408, 555, 552, 486, 490, 194, 613, 225, 201, 247, 785, 454, 786, 853, 469, 621, 578, 547, 579, 515","438, 420, 609, 485, 662, 655, 672, 639, 592, 558, 588, 522, 443",Gambling
73,vlad cazino bonus,ro,60,500,1.80,,oferte casino,2026-06-24 15:49:27,Sitelinks,800,3000,3200,2018-03-03,"Informational,Commercial,Branded,Non-local",Romanian,"321, 253, 265, 261, 377, 596, 894, 1033, 1002, 864, 711, 721, 576, 598, 600, 698, 483, 403, 450, 518, 414, 544, 485, 428","383, 351, 348, 359, 399, 443, 497, 476, 532, 491, 475, 423, 380",Gambling
74,online casino bonus,ro,77,500,3.00,,bonus fara depunere,2026-06-13 15:51:12,,34000,138000,141000,2018-02-17,"Informational,Commercial,Transactional,Non-branded,Non-local",English,"375, 148, 371, 537, 778, 228, 188, 136, 112, 203, 184, 173, 196, 1006, 737, 607, 651, 380, 467, 408, 429, 399, 407, 397","414, 416, 459, 494, 588, 297, 371, 309, 343, 343, 344, 341, 363",Gambling
75,bonus pariuri,ro,69,500,7.00,1.4,pariuri bonus,2026-06-24 11:50:30,,600,1700,1700,2015-09-22,"Informational,Commercial,Non-branded,Non-local",Romanian,"277, 222, 265, 230, 331, 268, 210, 267, 310, 470, 477, 334, 329, 550, 507, 719, 470, 460, 483, 562, 518, 574, 385, 508","500, 540, 541, 540, 538, 547, 552, 539, 571, 558, 529, 518, 509",Sports betting
76,888 casino rotiri gratuite,ro,67,500,1.30,,bonus casino,2026-06-18 19:38:51,"Sitelinks,Video preview",1000,7700,7900,2020-12-04,"Informational,Commercial,Transactional,Branded,Non-local",Romanian,"922, 953, 674, 1341, 1470, 453, 1699, 1593, 687, 1273, 996, 1268, 732, 575, 496, 541, 690, 385, 396, 607, 520, 444, 282, 425","291, 299, 253, 330, 336, 284, 398, 561, 386, 424, 338, 363, 235",Gambling
77,gets bet bonus fara depunere,ro,55,500,1.00,,gets bet bonus fara depunere,2026-06-05 00:49:33,,600,1300,1300,2020-11-06,"Informational,Commercial,Transactional,Branded,Non-local",Romanian,"448, 554, 619, 551, 448, 469, 447, 567, 545, 618, 630, 659, 598, 636, 453, 509, 540, 416, 432, 464, 443, 454, 420, 423","432, 434, 440, 426, 431, 457, 446, 478, 457, 468, 434, 437, 446",Gambling
78,bonus la prima depunere,ro,47,500,4.00,,bonus la depunere,2026-06-11 00:12:44,,600,250,300,2016-04-09,"Informational,Commercial,Non-branded,Non-local",Romanian,"120, 188, 119, 192, 188, 189, 190, 156, 119, 150, 233, 293, 238, 436, 392, 540, 362, 284, 227, 483, 701, 1211, 415, 865","748, 832, 716, 810, 850, 933, 924, 914, 879, 1017, 972, 947, 818",Gambling
79,casino fara depunere bonus,ro,75,500,2.50,,rotiri gratuite fara depunere,2026-06-07 21:30:03,,600,168000,172000,2017-03-06,"Informational,Commercial,Non-branded,Non-local",Romanian,"230, 191, 210, 215, 265, 263, 287, 544, 225, 195, 495, 408, 393, 482, 556, 190, 185, 658, 734, 575, 547, 552, 586, 595","591, 595, 612, 594, 604, 659, 693, 718, 690, 695, 728, 737, 733",Gambling
80,casa p,ro,2,500,1.50,1.13,casa pariurilor,2026-06-09 17:21:28,Sitelinks,1300,332000,364000,2015-09-01,"Informational,Navigational,Branded,Local",Romanian,"393, 446, 573, 580, 613, 615, 381, 431, 690, 534, 568, 516, 393, 446, 573, 580, 613, 615, 381, 431, 690, 534, 568, 516","393, 446, 573, 580, 613, 615, 381, 431, 690, 534, 568, 516, 393",Food; Reservations
81,vlad cazino rotiri gratuite fara depunere,ro,57,500,0.40,,vlad cazino rotiri gratuite fara depunere,2026-06-16 02:39:10,"Sitelinks,Video preview",600,1000,1000,2021-07-09,"Informational,Commercial,Transactional,Branded,Non-local",Romanian,"98, 114, 77, 103, 90, 177, 272, 646, 632, 420, 412, 425, 413, 551, 381, 675, 585, 1149, 1054, 423, 291, 334, 291, 287","248, 272, 229, 237, 230, 264, 276, 275, 281, 293, 246, 247, 208",Gambling
82,promotii casino,ro,68,500,5.00,,rotiri gratuite fara depunere,2026-06-12 00:18:39,,600,180000,184000,2016-10-03,"Informational,Commercial,Non-branded,Non-local",Romanian,"473, 712, 706, 475, 487, 486, 579, 323, 575, 694, 448, 443, 295, 349, 363, 562, 453, 522, 432, 560, 481, 790, 563, 563","549, 570, 587, 571, 575, 592, 621, 637, 626, 677, 626, 626, 612",Gambling
83,free spins casino,ro,68,450,2.00,,casino free spins,2026-06-06 02:25:12,"Sitelinks,People also ask",22000,2400,2400,2016-02-08,"Informational,Commercial,Transactional,Non-branded,Non-local",English,"321, 380, 392, 550, 551, 674, 990, 405, 347, 382, 361, 272, 243, 363, 380, 339, 377, 376, 466, 449, 406, 439, 891, 376","357, 383, 377, 400, 412, 402, 462, 453, 412, 430, 433, 379, 359",Gambling
84,bonus pariuri fara depunere,ro,67,450,3.00,1.95,bonus pariuri fara depunere,2026-06-01 15:08:16,Sitelinks,500,1200,1300,2015-09-14,"Informational,Commercial,Transactional,Non-branded,Non-local",Romanian,"252, 181, 257, 260, 363, 286, 329, 284, 483, 720, 614, 514, 359, 549, 570, 704, 384, 414, 292, 374, 356, 394, 375, 329","320, 333, 342, 367, 360, 365, 343, 358, 349, 386, 368, 323, 315",Sports betting
85,casă pariurilor,ro,16,450,1.60,,casa pariurilor,2026-05-17 00:44:23,Sitelinks,450,330000,363000,2015-11-23,"Informational,Navigational,Branded,Non-local",Romanian,"206, 134, 138, 170, 172, 309, 470, 321, 135, 253, 258, 313, 128, 173, 387, 394, 558, 670, 581, 477, 425, 488, 415, 425","346, 395, 413, 404, 490, 519, 550, 477, 425, 489, 415, 425, 346",Sports betting
86,vlad cazino online,ro,8,450,1.30,,vlad cazino,2026-05-20 06:28:14,Sitelinks,600,28000,36000,2020-01-11,"Informational,Navigational,Commercial,Transactional,Branded,Non-local",Romanian,"269, 322, 329, 334, 407, 500, 345, 507, 590, 600, 594, 608, 393, 570, 497, 488, 368, 416, 483, 463, 436, 492, 517, 510","450, 436, 448, 397, 493, 487, 484, 488, 461, 517, 542, 535, 476",Gambling
87,pariuri bonus,ro,65,400,7.00,1.13,pariuri bonus,2026-06-28 16:57:52,Sitelinks,500,1700,1700,2015-09-02,"Informational,Commercial,Non-branded,Non-local",Romanian,"719, 588, 599, 720, 719, 582, 543, 665, 787, 824, 815, 553, 250, 374, 343, 644, 438, 326, 463, 455, 370, 430, 306, 324","361, 389, 383, 440, 423, 443, 408, 365, 344, 352, 318, 280, 311",Sports betting
88,888cazino,ro,39,400,1.20,,888 casino,2026-06-28 13:24:36,Sitelinks,500,74000,78000,2017-03-01,"Informational,Navigational,Commercial,Branded,Non-local",,"362, 356, 404, 414, 417, 437, 515, 510, 495, 509, 502, 427, 357, 417, 505, 498, 645, 627, 412, 348, 301, 249, 257, 227","213, 206, 208, 213, 226, 231, 235, 243, 220, 210, 194, 180, 169",Sports betting
89,cod bonus princess casino,ro,58,400,1.50,,princess casino bonus,2026-05-13 22:32:04,Sitelinks,500,700,700,2021-02-13,"Informational,Commercial,Transactional,Branded,Non-local",English,"508, 516, 426, 424, 507, 422, 417, 350, 410, 405, 406, 415, 273, 415, 366, 437, 496, 381, 434, 514, 397, 411, 365, 490","422, 379, 328, 415, 299, 316, 270, 246, 379, 332, 264, 399, 332",Sports betting
90,bonusuri case de pariuri,ro,61,400,5.00,1.41,pariuri bonus,2026-05-20 08:30:06,Sitelinks,500,1600,1600,2015-10-22,"Informational,Commercial,Non-branded,Non-local",Romanian,"132, 154, 158, 193, 192, 186, 229, 191, 261, 389, 397, 335, 288, 441, 516, 643, 348, 350, 376, 369, 368, 382, 362, 350","329, 338, 340, 360, 360, 357, 361, 356, 355, 369, 348, 337",Sports betting
91,bonus depunere,ro,68,400,6.00,,bonus fara depunere,2026-05-25 03:05:32,,450,144000,148000,2015-12-21,"Informational,Commercial,Non-branded,Non-local",Romanian,"215, 214, 214, 262, 213, 262, 317, 335, 265, 315, 391, 329, 277, 470, 379, 502, 377, 318, 391, 403, 392, 404, 402, 393","404, 415, 411, 427, 419, 428, 442, 455, 443, 455, 453, 444, 456",Gambling
92,888 casino ro,ro,62,400,1.30,,888 casino,2026-06-15 13:23:56,Sitelinks,900,89000,93000,2017-10-14,"Informational,Navigational,Commercial,Branded,Non-local",English,"418, 505, 404, 417, 412, 426, 518, 398, 327, 330, 332, 341, 388, 346, 414, 346, 395, 538, 416, 450, 441, 444, 444, 449","453, 465, 453, 448, 455, 466, 472, 476, 470, 472, 473, 477, 482",Gambling
93,bonus pariuri sportive,ro,64,400,7.00,1.5,pariuri bonus,2026-05-23 11:13:17,Sitelinks,450,1600,1700,2015-09-29,"Informational,Commercial,Non-branded,Non-local",Romanian,"161, 109, 85, 167, 164, 161, 126, 131, 189, 356, 251, 252, 205, 358, 392, 545, 325, 465, 403, 415, 424, 522, 399, 420","457, 435, 416, 528, 558, 570, 508, 520, 529, 650, 494, 518, 563",Sports betting
94,casa pariurilor bonus de bun venit,ro,46,350,5.00,,bonus bun venit,2026-06-08 05:20:34,,400,600,600,2016-08-27,"Informational,Commercial,Transactional,Branded,Non-local",Romanian,"158, 105, 102, 157, 164, 247, 208, 249, 162, 295, 155, 160, 150, 179, 172, 329, 396, 366, 514, 391, 379, 357, 556, 351","339, 358, 333, 385, 413, 454, 453, 485, 464, 434, 670, 419, 402",Sports betting
95,888 bonus fara depunere,ro,64,350,1.20,,oferte casino,2026-05-30 03:46:35,,400,4900,5100,2019-08-09,"Informational,Commercial,Transactional,Branded,Non-local",Romanian,"162, 108, 134, 162, 160, 84, 105, 203, 183, 120, 179, 157, 104, 150, 221, 595, 523, 481, 313, 403, 362, 359, 359, 360","354, 365, 360, 393, 384, 375, 381, 432, 399, 389, 396, 392, 390",Gambling
96,getsbet bonus fara depunere,ro,56,350,0.20,,gets bet bonus fara depunere,2026-05-29 06:50:45,,350,1300,1400,2021-10-07,"Informational,Commercial,Transactional,Branded,Non-local",Romanian,"287, 358, 398, 344, 288, 289, 319, 352, 346, 399, 364, 368, 313, 402, 286, 311, 360, 292, 319, 344, 341, 348, 321, 324","324, 335, 337, 330, 336, 336, 340, 367, 364, 371, 344, 347, 346",Gambling
97,cod promotional vlad cazino,ro,61,350,1.30,,vlad cazino bonus fara depunere,2026-06-28 03:02:28,Sitelinks,450,400,450,2018-07-02,"Informational,Commercial,Transactional,Branded,Non-local",Romanian,"142, 176, 148, 120, 152, 185, 191, 187, 274, 342, 334, 233, 185, 180, 194, 365, 344, 364, 358, 368, 409, 391, 396, 386","387, 395, 390, 392, 402, 411, 421, 430, 473, 455, 461, 452, 454",Sports betting
98,casa pariurilor sport,ro,22,350,1.30,,casa pariurilor,2026-06-05 17:13:22,Sitelinks,400,330000,362000,2018-05-13,"Informational,Commercial,Branded,Non-local",Romanian,"123, 103, 82, 198, 195, 269, 227, 291, 235, 333, 283, 351, 357, 433, 442, 404, 317, 386, 334, 301, 379, 285, 236, 252","244, 246, 254, 246, 263, 245, 257, 302, 380, 285, 236, 253, 245",Sports betting
99,gets bet rotiri gratuite,ro,53,350,0.20,,gets bet bonus fara depunere,2026-05-25 03:11:26,,400,1400,1400,2021-01-25,"Non-branded,Non-local",Romanian,"541, 457, 581, 704, 586, 446, 348, 683, 782, 1030, 775, 567, 322, 300, 365, 543, 312, 274, 311, 394, 396, 411, 354, 314","297, 303, 321, 351, 346, 358, 386, 469, 471, 486, 429, 390, 373",/Other
100,casa pariurilor casino online,ro,55,350,0.90,,casa pariurilor,2026-06-27 06:50:18,,400,347000,379000,2017-12-16,"Navigational,Commercial,Transactional,Branded,Non-local",Romanian,"98, 99, 61, 46, 99, 155, 105, 356, 239, 237, 298, 555, 431, 427, 307, 259, 217, 183, 418, 356, 335, 342, 347, 356","336, 342, 317, 315, 325, 334, 343, 356, 335, 342, 347, 356, 336",Sports betting
101,cod bonus casino,ro,45,300,1.00,,cod bonus casino,2026-06-07 12:55:48,Sitelinks,400,400,400,2017-09-02,"Informational,Commercial,Transactional,Non-branded,Non-local",Romanian,"135, 114, 142, 177, 139, 207, 173, 180, 179, 261, 180, 261, 177, 314, 391, 295, 329, 312, 311, 333, 310, 368, 310, 358","339, 354, 369, 370, 383, 392, 386, 398, 388, 408, 395, 414, 395",Gambling
102,bonus casa pariurilor,ro,40,300,3.00,1.26,400 rotiri gratuite fara depunere,2026-06-06 11:56:17,Sitelinks,400,250,250,2015-09-05,"Informational,Commercial,Branded,Non-local",Romanian,"293, 243, 237, 340, 349, 427, 286, 292, 284, 406, 410, 468, 326, 341, 275, 337, 303, 280, 252, 289, 299, 267, 223, 240","246, 243, 225, 224, 247, 275, 247, 285, 295, 263, 220",Sports betting
103,bonusuri de bun venit,ro,59,300,5.00,,bonus fara depunere,2026-06-16 13:07:35,,450,3400,3500,2017-04-09,"Informational,Commercial,Non-branded,Non-local",Romanian,"122, 244, 184, 120, 143, 145, 211, 210, 209, 261, 223, 225, 154, 294, 260, 442, 367, 337, 346, 354, 353, 359, 349, 362","354, 374, 364, 376, 389, 403, 391, 400, 399, 406, 396, 410",Gambling
104,princess casino rotiri,ro,67,300,1.10,,rotiri gratuite fara depunere,2026-06-16 05:01:07,,400,4400,4500,2022-02-19,"Informational,Commercial,Transactional,Branded,Non-local",Romanian,"82, 157, 240, 452, 296, 100, 156, 301, 346, 448, 441, 238, 360, 452, 460, 436, 313, 164, 220, 266, 259, 263, 232, 201","231, 275, 279, 300, 139, 57, 145, 217, 196, 233, 169, 115, 194",Lottery
105,pariuri fara depunere,ro,63,300,2.50,,bonus pariuri fara depunere,2026-05-24 04:09:11,Sitelinks,400,1300,1300,2015-12-28,"Informational,Commercial,Non-branded,Non-local",Romanian,"149, 148, 215, 211, 254, 179, 192, 162, 224, 290, 295, 242, 240, 302, 364, 365, 367, 291, 318, 318, 330, 341, 343, 335","330, 341, 357, 355, 374, 378, 374, 379, 389, 403, 404, 398",Sports betting
106,cod bonus gets bet,ro,62,300,1.80,,gets bet bonus fara depunere,2026-06-17 14:28:17,Sitelinks,350,1200,1300,2018-11-07,"Informational,Commercial,Transactional,Branded,Non-local",Romanian,"421, 511, 520, 525, 425, 279, 283, 344, 496, 606, 481, 336, 177, 265, 290, 461, 371, 285, 307, 354, 232, 221, 193, 159","128, 131, 140, 162, 163, 153, 153, 166, 175, 196, 156, 123, 42",Sports betting
107,bonus fara depunere pariuri,ro,60,250,3.50,1.78,bonus pariuri fara depunere,2026-05-22 20:52:20,Sitelinks,300,1200,1300,2016-01-17,"Informational,Commercial,Transactional,Non-branded,Non-local",Romanian,"132, 158, 184, 184, 222, 222, 111, 112, 152, 246, 251, 209, 205, 226, 363, 260, 314, 260, 242, 249, 251, 264, 247, 231","221, 226, 239, 235, 261, 280, 247, 256, 257, 271, 253, 238, 228",Sports betting
108,getsbet rotiri gratuite,ro,63,250,0.30,,gets bet bonus fara depunere,2026-06-24 14:29:49,,250,1300,1300,2022-04-23,"Informational,Branded,Non-local",Romanian,"442, 426, 355, 442, 446, 541, 661, 556, 351, 361, 287, 345, 292, 304, 312, 355, 147, 146, 323, 296, 164, 202, 137, 199","196, 175, 172, 201, 197, 214, 237, 191, 180, 161, 163, 166, 163",Sports betting
109,888 casino.ro,ro,51,250,1.30,,888 casino,2026-06-02 13:23:54,Sitelinks,700,84000,89000,2015-10-19,"Navigational,Commercial,Transactional,Branded,Non-local",,"193, 241, 193, 184, 175, 192, 258, 187, 156, 172, 191, 187, 210, 167, 216, 216, 243, 303, 280, 283, 277, 277, 284, 282","281, 286, 286, 284, 289, 296, 308, 311, 304, 304, 311, 310",Gambling
110,cod bonus,ro,54,250,1.50,,cod bonus casino,2026-05-30 01:04:21,,300,350,350,2015-09-24,"Informational,Commercial,Non-branded,Non-local",Romanian,"86, 106, 127, 132, 159, 155, 157, 197, 166, 156, 198, 234, 127, 229, 313, 266, 265, 288, 207, 228, 220, 216, 207, 212","184, 191, 191, 196, 203, 191, 183, 191, 178, 179, 168, 175",Gambling
111,pariuri gratuite,ro,61,250,4.50,,free bet fara depunere,2026-06-17 19:24:19,Sitelinks,300,700,700,2015-10-26,"Informational,Commercial,Non-branded,Non-local",Romanian,"102, 98, 103, 105, 223, 183, 152, 163, 157, 272, 194, 159, 133, 278, 293, 259, 256, 200, 270, 226, 218, 251, 213, 208","289, 288, 245, 301, 342, 356, 339, 282, 271, 311, 263, 256, 354",Sports betting
112,888.ro casino,ro,64,250,0.45,,888 casino,2026-06-16 04:34:22,Sitelinks,300,84000,88000,2018-04-26,"Navigational,Commercial,Transactional,Branded,Non-local",,"25, 81, 114, 133, 193, 154, 156, 105, 167, 243, 198, 165, 150, 233, 460, 378, 460, 376, 309, 247, 129, 109, 114, 98","86, 103, 125, 105, 124, 112, 116, 103, 94, 101, 93, 89, 78",Lottery
113,casa. pariurilor,ro,22,250,1.70,,casa pariurilor,2026-05-28 17:50:09,"Sitelinks,Local pack",250,328000,360000,2015-09-17,"Navigational,Branded,Non-local",Romanian,"245, 231, 271, 257, 329, 333, 331, 312, 285, 322, 316, 325, 225, 242, 305, 293, 282, 221, 290, 301, 272, 219, 227, 226","203, 202, 216, 212, 221, 218, 225, 238, 236, 233, 223, 223, 199",Sports betting
114,bonus cu depunere,ro,53,250,6.00,,bonus fara depunere,2026-05-19 07:30:32,,350,141000,145000,2018-12-22,"Informational,Commercial,Non-branded,Non-local",Romanian,"121, 151, 148, 153, 182, 223, 225, 233, 226, 266, 221, 220, 181, 367, 337, 382, 303, 211, 238, 254, 249, 266, 241, 241","232, 249, 238, 243, 250, 253, 263, 279, 274, 291, 267, 266",Gambling
115,cod promotional casa pariurilor,ro,42,250,3.50,1.43,casa pariurilor bonus de bun venit,2026-05-17 06:45:23,Sitelinks,300,1400,1500,2015-09-07,"Informational,Commercial,Transactional,Branded,Non-local",Romanian,"248, 198, 162, 164, 240, 241, 242, 247, 199, 293, 247, 302, 203, 346, 299, 239, 211, 206, 215, 233, 247, 232, 210, 220","225, 235, 213, 210, 213, 215, 211, 226, 240, 226, 203, 214, 219",Sports betting
116,888casino rotiri gratuite,ro,62,250,,,888 casino bonus fara depunere,2026-05-23 11:51:04,Sitelinks,300,800,800,2021-12-30,"Informational,Commercial,Transactional,Branded,Non-local",Romanian,"69, 83, 85, 102, 58, 70, 42, 229, 131, 24, 5, 25, 6, 85, 90, 164, 212, 276, 247, 316, 454, 332, 302, 241",291,Gambling
117,bonus inregistrare,ro,69,250,6.00,,bonus fara depunere,2026-05-28 03:43:24,,300,144000,148000,2017-03-21,"Informational,Commercial,Non-branded,Non-local",Romanian,"155, 124, 127, 182, 220, 193, 188, 222, 214, 174, 166, 252, 135, 205, 196, 311, 283, 266, 257, 292, 271, 269, 247, 295","263, 239, 261, 269, 322, 322, 299, 339, 314, 312, 285, 340",Gambling
118,aplicatia casa pariurilor,ro,15,250,2.50,0.96,casa pariurilor,2026-05-20 11:08:23,Sitelinks,250,327000,360000,2015-10-07,"Informational,Commercial,Transactional,Branded,Non-local",Romanian,"254, 361, 349, 403, 435, 516, 509, 669, 377, 328, 293, 482, 343, 350, 380, 157, 238, 278, 302, 298, 245, 170, 113, 202","164, 181, 195, 176, 211, 219, 236, 219, 194, 187, 169, 184, 146",Sports betting
119,cazino bonus,ro,74,250,2.50,,bonus fara depunere,2026-06-21 01:40:17,Local pack,350,131000,134000,2016-02-15,"Informational,Commercial,Non-branded,Non-local",Romanian,"74, 48, 67, 74, 69, 77, 96, 212, 713, 549, 180, 168, 133, 122, 165, 218, 199, 247, 238, 360, 408, 339, 299, 327","325, 322, 334, 339, 328, 339, 340, 372, 414, 343, 303, 330",Gambling
120,casa pariurilor.,ro,19,250,,,casa pariurilor,2026-06-15 15:01:42,"Sitelinks,Local pack",250,346000,378000,2016-01-23,"Informational,Navigational,Branded,Non-local",Romanian,"271, 181, 227, 466, 303, 310, 361, 200, 185, 241, 314, 220, 251, 327, 176, 249, 289, 220, 274, 248, 179, 164, 182, 175",175,Sports betting
121,casa pariurilor romania,ro,22,250,3.00,,casa pariurilor,2026-06-24 05:41:36,Sitelinks,400,347000,379000,2015-10-12,"Informational,Commercial,Branded,Local",Romanian,"91, 76, 103, 191, 231, 24, 41, 31, 66, 83, 112, 145, 336, 218, 343, 442, 309, 113, 164, 157, 164, 156, 175, 184","197, 174, 189, 209, 203, 164, 186, 178, 186, 178, 197, 205, 219",Sports betting
122,www casa pariurilor,ro,0,250,1.50,1.21,casa pariurilor,2026-06-25 23:57:19,Sitelinks,300,347000,379000,2015-09-01,"Navigational,Branded,Non-local",Romanian,"132, 249, 257, 416, 253, 284, 369, 184, 395, 291, 340, 197, 93, 211, 219, 379, 216, 248, 333, 149, 359, 257, 306, 164","59, 178, 186, 347, 184, 217, 302, 118, 329, 227, 276, 134, 30",Sports betting
123,case de pariuri cu bonus,ro,56,200,7.00,,pariuri bonus,2026-06-10 21:57:13,Sitelinks,200,1700,1800,2016-11-12,"Informational,Commercial,Non-branded,Non-local",Romanian,"12, 9, 4, 4, 4, 1, 7, 9, 9, 10, 13, 13, 1, 195, 218, 205, 200, 234, 241, 255, 173, 186, 180, 204",190,Sports betting
124,cod bonus vlad cazino,ro,53,200,1.20,,vlad cazino bonus fara depunere,2026-05-17 12:00:42,,300,400,450,2018-06-28,"Informational,Commercial,Transactional,Branded,Non-local",Romanian,"175, 144, 60, 59, 58, 45, 46, 61, 129, 158, 157, 111, 73, 164, 148, 340, 198, 188, 207, 225, 277, 247, 250, 227","206, 206, 205, 225, 223, 227, 241, 222, 252, 257, 197, 227, 207",Gambling
125,bonus gets bet,ro,52,200,1.40,,gets bet bonus fara depunere,2026-05-27 10:33:46,,250,1400,1400,2017-02-18,"Informational,Commercial,Branded,Non-local",English,"173, 172, 170, 173, 184, 199, 190, 198, 194, 193, 189, 189, 188, 187, 185, 188, 199, 214, 205, 213, 210, 208, 204, 205","204, 203, 201, 204, 216, 230, 222, 230, 227, 225, 221",Gambling
126,gets bet bonus,ro,52,200,0.20,,gets bet bonus fara depunere,2026-06-04 02:59:26,,250,1300,1300,2015-09-22,"Informational,Commercial,Branded,Non-local",English,"301, 298, 297, 296, 294, 348, 283, 244, 192, 265, 186, 145, 123, 316, 332, 188, 143, 158, 197, 186, 176, 165, 157, 142","138, 181, 153, 157, 178, 183, 196, 185, 175, 164, 156, 142",Gambling
127,bonusuri cazino,ro,75,200,6.00,,bonus fara depunere,2026-05-22 18:41:43,,250,138000,142000,2016-07-17,"Informational,Commercial,Transactional,Non-branded,Non-local",Romanian,"106, 109, 86, 105, 196, 196, 190, 210, 137, 280, 207, 210, 214, 290, 273, 266, 165, 145, 172, 171, 170, 170, 169, 168","168, 167, 166, 166, 165, 165, 164, 163, 163, 162, 161, 161, 160",Gambling
128,rotiri gratuite fara depunere casa pariurilor,ro,45,200,2.00,,bonus casino,2026-06-20 12:18:59,Sitelinks,200,3800,3900,2021-06-05,"Informational,Commercial,Transactional,Branded,Non-local",Romanian,"77, 59, 64, 107, 81, 94, 127, 117, 106, 111, 135, 134, 90, 197, 83, 70, 106, 100, 155, 220, 404, 330, 255, 246",278,Sports betting
129,cod princess casino,ro,68,200,2.50,,princess casino bonus,2026-06-18 02:14:07,,200,700,700,2021-01-21,"Informational,Commercial,Transactional,Branded,Non-local",English,"39, 31, 21, 26, 27, 16, 25, 23, 21, 22, 15, 8, 11, 187, 139, 123, 162, 160, 164, 189, 230, 240, 265, 388",301,Gambling
130,bonusuri pariuri,ro,65,200,6.00,1.51,casa pariurilor,2026-06-14 23:00:23,Sitelinks,300,346000,378000,2015-09-25,"Informational,Commercial,Non-branded,Non-local",Romanian,"88, 72, 91, 74, 112, 89, 75, 91, 107, 155, 151, 106, 105, 178, 169, 263, 185, 187, 192, 188, 191, 192, 179, 176","176, 192, 189, 196, 198, 194, 194, 190, 192, 194, 181",Sports betting
131,casino romania bonus fara depunere,ro,72,200,2.00,,bonus fara depunere,2026-06-20 14:12:26,,350,131000,134000,2018-05-13,"Informational,Commercial,Non-branded,Non-local",Romanian,"111, 110, 247, 167, 135, 197, 233, 233, 61, 42, 97, 183, 177, 150, 157, 224, 205, 267, 249, 243, 212, 201, 190, 192","195, 194, 210, 190, 175, 179, 170, 179, 141, 139, 125, 132",Gambling
132,promotii pariuri,ro,60,200,6.00,,pariuri bonus,2026-05-22 17:57:54,Sitelinks,300,1700,1700,2016-03-19,"Informational,Commercial,Non-branded,Non-local",Romanian,"101, 106, 127, 153, 158, 101, 83, 79, 98, 135, 203, 202, 161, 170, 153, 296, 198, 196, 197, 194, 197, 208, 203, 201","201, 199, 196, 198, 196, 201, 192, 189, 192, 203, 199, 197",Sports betting
133,casa pariurilo,ro,26,200,0.15,1.11,casa pariurilor,2026-06-28 09:15:25,"Sitelinks,Knowledge panel",200,347000,379000,2015-09-06,"Informational,Navigational,Commercial,Branded,Non-local",Romanian,,,Sports betting
134,oferte cazinouri,ro,75,200,4.50,,bonus fara depunere,2026-05-21 04:28:16,Sitelinks,200,138000,142000,2019-07-22,"Informational,Commercial,Transactional,Non-branded,Non-local",Romanian,"108, 80, 84, 106, 133, 166, 169, 142, 196, 125, 204, 201, 134, 241, 266, 364, 144, 163, 102, 155, 143, 129, 135, 137","133, 131, 122, 133, 128, 150, 134, 154, 142, 129, 134, 137, 132",Gambling
135,888 casino 300 rotiri,ro,62,200,3.50,,bonus casino,2026-06-16 23:22:11,Sitelinks,250,7700,7900,2021-01-17,"Commercial,Transactional,Branded,Non-local",Romanian,"216, 219, 178, 180, 190, 188, 201, 207, 210, 198, 208, 205, 207, 218, 203, 198, 208, 207, 220, 226, 229, 217, 227, 224","226, 237, 222, 217, 227, 226, 239, 245, 248, 236, 246, 243, 244",Gambling
136,free bonus casino,ro,77,200,6.00,,online casino bonuses,2026-05-20 23:24:27,,12000,30,21000,2017-01-08,"Informational,Commercial,Transactional,Non-branded,Non-local",English,"33, 41, 44, 29, 40, 34, 16, 37, 18, 34, 24, 29, 31, 90, 118, 164, 202, 208, 201, 225, 240, 215, 281, 298",268,Gambling
137,casa sport,ro,26,200,1.70,,casa pariurilor,2026-05-30 01:32:30,Sitelinks,2000,329000,362000,2016-10-19,"Informational,Commercial,Branded,Non-local",Romanian,"290, 198, 102, 302, 232, 229, 142, 64, 82, 155, 157, 196, 195, 336, 359, 199, 162, 156, 102, 97, 121, 151, 112, 99","97, 83, 71, 76, 77, 71, 67, 42, 61, 98, 60",Sports betting
138,bonusul de bun venit,ro,55,200,4.00,,400 rotiri gratuite fara depunere,2026-06-04 09:22:17,,200,200,200,2021-08-14,"Informational,Commercial,Non-branded,Non-local",Romanian,"63, 108, 84, 77, 83, 76, 110, 129, 119, 142, 134, 131, 99, 198, 157, 233, 187, 167, 179, 194, 219, 243, 149, 214","198, 216, 182, 222, 251, 242, 235, 279, 247, 288, 288, 270, 248",Sports betting
139,pariu bonus,ro,58,200,2.50,,pariuri bonus,2026-06-28 06:20:15,,200,1700,1700,2015-10-27,"Informational,Commercial,Non-branded,Non-local",Romanian,,,Sports betting
140,888casino bonus fara depunere,ro,60,200,4.00,,888 casino bonus fara depunere,2026-06-14 03:41:51,,200,700,700,2021-05-24,"Informational,Commercial,Transactional,Branded,Non-local",Romanian,"144, 156, 140, 144, 154, 175, 142, 157, 145, 177, 162, 145, 166, 179, 163, 167, 177, 197, 165, 180, 167, 199, 184, 167","188, 201, 185, 189, 199, 220, 187, 202, 189, 222, 207, 190, 211",Gambling
141,bonus fara depunere sport,ro,60,200,2.50,,free bet,2026-06-26 01:06:37,Sitelinks,200,350,350,2021-10-14,"Informational,Commercial,Non-branded,Non-local",Romanian,"85, 40, 39, 53, 51, 61, 46, 72, 59, 99, 98, 81, 39, 114, 120, 117, 104, 107, 415, 280, 317, 264, 204, 250",241,Sports betting
142,888 online,ro,79,200,0.35,,888 casino,2026-06-08 08:05:28,Sitelinks,1700,101000,104000,2016-01-09,"Informational,Commercial,Branded,Non-local",Romanian,"204, 203, 162, 130, 153, 71, 133, 147, 88, 151, 100, 125, 121, 256, 361, 239, 378, 101, 248, 182, 110, 124, 122, 130",126,Sports betting
143,princess casino rotiri gratuite fara depunere,ro,68,200,1.60,,rotiri gratuite fara depunere,2026-06-19 00:23:14,,250,3100,3200,2021-12-06,"Informational,Commercial,Transactional,Branded,Non-local",Romanian,"226, 278, 115, 93, 180, 145, 220, 338, 263, 213, 168, 111, 171, 130, 166, 225, 96, 80, 140, 195, 183, 372, 465, 307","318, 324, 331, 336, 306, 319, 313, 364, 361, 378, 327, 324, 335",Gambling
144,casa pariurilor pariuri sportive,ro,48,200,1.40,,casa pariurilor,2026-06-27 00:46:53,Sitelinks,200,347000,379000,2015-09-25,"Informational,Navigational,Commercial,Transactional,Branded,Non-local",Romanian,"342, 532, 647, 774, 644, 630, 634, 633, 415, 144, 141, 94, 49, 63, 96, 184, 166, 170, 219, 216, 209, 299, 247, 271","279, 294, 304, 350, 383, 349, 313, 367, 341, 350, 306, 339, 347",Sports betting
145,bonusuri fara depunere pariuri,ro,63,200,7.00,,bonus pariuri fara depunere,2026-06-10 15:17:37,Sitelinks,250,1300,1400,2016-01-24,"Informational,Commercial,Non-branded,Non-local",Romanian,,,Sports betting
146,casino bonus de bun venit,ro,67,150,5.00,,lucky casino,2026-06-02 22:14:48,,250,5800,5800,2019-12-17,"Informational,Commercial,Transactional,Non-branded,Non-local",Romanian,"43, 43, 53, 44, 53, 221, 35, 37, 46, 82, 54, 56, 46, 0, 0, 80, 0, 363, 0, 0, 624, 0, 313, 441","48, 45, 110, 62, 46, 86, 46, 77, 57, 77, 78, 77, 53",Gambling
147,oferte pariuri sportive,ro,70,150,3.00,,casa pariurilor,2026-06-08 10:36:57,,200,330000,362000,2015-10-02,"Informational,Commercial,Transactional,Non-branded,Non-local",Romanian,"149, 76, 44, 62, 94, 123, 79, 127, 130, 150, 123, 126, 121, 127, 159, 172, 156, 153, 140, 187, 181, 161, 167, 159","160, 150, 159, 170, 164, 159, 154, 149, 139, 134, 131, 131, 131",Sports betting
148,casa pariurilor mobile,ro,29,150,1.50,,casa pariurilor,2026-06-17 02:55:54,Sitelinks,200,347000,379000,2015-09-15,"Informational,Navigational,Commercial,Transactional,Branded,Non-local",Romanian,,,Sports betting
149,bonus 888 casino,ro,66,150,1.70,,bonus casino,2026-06-18 12:51:16,Sitelinks,1300,7700,7900,2020-01-10,"Informational,Commercial,Branded,Non-local",English,"200, 87, 88, 165, 189, 237, 292, 215, 166, 156, 160, 163, 82, 221, 227, 106, 196, 131, 106, 135, 142, 189, 146, 157","151, 152, 147, 142, 168, 175, 192, 202, 171, 174, 187, 175, 169",Gambling
150,bonus 888 sport,ro,59,150,3.50,,pariuri sportive,2026-05-28 06:03:21,,350,2800,3600,2016-07-26,"Informational,Commercial,Transactional,Branded,Non-local",English,"31, 30, 37, 34, 36, 38, 32, 33, 32, 37, 52, 47, 40, 87, 95, 131, 151, 190, 183, 212, 138, 94, 109, 104",104,Sports betting
151,bonus pariuri online,ro,67,150,10.00,,pariuri bonus,2026-06-14 23:41:24,Sitelinks,200,1700,1800,2015-09-13,"Informational,Commercial,Non-branded,Non-local",Romanian,"53, 42, 34, 52, 52, 52, 70, 52, 70, 116, 102, 102, 118, 146, 115, 154, 140, 154, 149, 142, 149, 151, 153, 149","144, 143, 140, 148, 147, 151, 150, 143, 149, 151, 153, 149",Sports betting
152,casa pariurilor bonus fara depunere 100 lei,ro,47,150,1.30,,casa pariurilor casino,2026-05-28 06:19:54,Sitelinks,150,1900,2000,2021-11-19,"Informational,Commercial,Transactional,Branded,Non-local",Romanian,"69, 68, 71, 91, 86, 96, 129, 146, 84, 87, 53, 71, 107, 97, 98, 81, 109, 136, 177, 231, 210, 186, 175, 164",177,Sports betting
153,case de pariuri cu bonus fara depunere,ro,59,150,2.00,,bonus pariuri fara depunere,2026-06-08 01:07:55,Sitelinks,200,1300,1400,2015-12-14,"Informational,Commercial,Non-branded,Non-local",Romanian,"49, 38, 50, 63, 48, 60, 40, 50, 78, 106, 86, 106, 79, 90, 154, 222, 120, 201, 116, 132, 128, 133, 129, 138","122, 123, 126, 136, 136, 142, 130, 125, 119, 125, 121",Sports betting
154,casa pariurilor pacanele,ro,61,150,2.50,,casa pariurilor,2026-06-21 09:42:41,,150,347000,379000,2017-01-13,"Informational,Navigational,Commercial,Transactional,Branded,Non-local",Romanian,"71, 136, 118, 93, 211, 114, 146, 153, 183, 116, 185, 193, 50, 126, 192, 123, 143, 89, 200, 217, 107, 110, 117, 85",104,Sports betting
155,casino vlad,ro,14,150,2.00,,vlad casino,2026-06-17 08:09:39,"Sitelinks,Video preview",250,48000,57000,2018-02-16,"Informational,Navigational,Commercial,Transactional,Branded,Non-local",,"82, 64, 64, 63, 51, 84, 51, 170, 111, 157, 85, 113, 111, 240, 356, 221, 59, 66, 180, 204, 129, 143, 130, 129","123, 144, 173, 132, 135, 125, 181, 205, 130, 143, 131, 130, 124",Lottery; Sports betting
156,casa pariurilor ofertă,ro,10,150,1.50,,casa pariurilor,2026-06-09 10:38:35,Sitelinks,150,332000,364000,2017-01-08,"Informational,Commercial,Branded,Non-local",Romanian,"260, 323, 175, 213, 176, 222, 178, 221, 254, 271, 386, 322, 249, 185, 189, 193, 135, 122, 94, 98, 100, 122, 126, 118","111, 113, 112, 102, 113, 115, 114, 107, 108, 132, 137, 128, 121",Sports betting
157,casa parourilor,ro,27,150,1.60,1.08,casa pariurilor,2026-06-19 15:18:02,"Sitelinks,Knowledge panel",150,347000,380000,2015-10-13,"Informational,Navigational,Commercial,Branded,Non-local",Romanian,,,Sports betting
158,casa jocurilor,ro,32,150,0.20,,cazinouri online,2026-06-21 18:03:27,Sitelinks,200,30000,33000,2015-12-26,"Informational,Commercial,Branded,Non-local",Romanian,,,Lottery
159,vlad cazinou,ro,38,150,2.00,,vlad casino,2026-06-26 15:26:29,Sitelinks,200,55000,64000,2018-03-18,"Informational,Non-branded,Non-local",Romanian,"165, 136, 143, 141, 168, 196, 200, 193, 161, 189, 190, 167, 135, 149, 189, 147, 176, 182, 177, 194, 158, 174, 164, 164","154, 156, 166, 148, 163, 162, 186, 175, 167, 173, 165, 164, 154",Gambling; Quotations
160,vlad cazino bonus de bun venit,ro,58,150,4.00,,bonus casino,2026-06-21 22:04:54,,250,1100,1200,2020-04-18,"Informational,Commercial,Transactional,Branded,Non-local",Romanian,"129, 203, 104, 61, 101, 75, 102, 61, 124, 193, 193, 131, 102, 169, 133, 296, 147, 136, 160, 184, 163, 217, 184, 178","183, 185, 184, 190, 190, 180, 198, 179, 180, 205, 189, 185, 190",Gambling
161,bonus vlad cazino,ro,55,150,2.50,,oferte casino,2026-06-07 15:31:42,"Sitelinks,Bottom ads",350,1400,1600,2018-02-22,"Informational,Commercial,Branded,Non-local",Romanian,"68, 50, 33, 32, 67, 51, 53, 52, 129, 156, 129, 87, 68, 118, 109, 307, 163, 136, 174, 165, 164, 167, 162, 158","160, 151, 151, 164, 165, 160, 174, 166, 164, 167, 162, 158",Gambling
162,bonusuri casino online,ro,76,150,3.50,,bonus fara depunere,2026-06-23 09:43:16,Sitelinks,300,128000,131000,2017-04-11,"Informational,Commercial,Non-branded,Non-local",Romanian,"73, 72, 46, 93, 92, 80, 171, 177, 61, 58, 67, 190, 63, 153, 220, 221, 109, 103, 147, 148, 137, 147, 144, 156","141, 150, 160, 165, 162, 163, 172, 173, 161, 171, 169, 181, 166",Gambling
163,casa pariurilor demo,ro,43,150,0.60,,casa pariurilor casino,2026-06-10 08:31:53,Sitelinks,200,36000,39000,2017-07-09,"Informational,Branded,Non-local",Romanian,"325, 296, 359, 401, 323, 369, 437, 506, 358, 227, 324, 375, 153, 232, 244, 217, 157, 128, 157, 260, 171, 156, 76, 76",104,Gambling
164,casino promotii,ro,70,150,5.00,,oferte casino,2026-06-17 06:33:27,,200,3000,3200,2021-03-13,"Informational,Commercial,Transactional,Non-branded,Non-local",Romanian,"34, 38, 43, 26, 40, 94, 67, 52, 73, 71, 43, 54, 76, 113, 114, 139, 161, 249, 190, 200, 160, 156, 188, 215",189,Gambling
165,promoti casino,ro,75,150,3.50,,rotiri gratuite fara depunere,2026-05-29 07:12:40,,150,185000,189000,2021-06-16,"Informational,Commercial,Transactional,Non-branded,Non-local",Romanian,"24, 27, 108, 166, 134, 83, 60, 116, 46, 44, 98, 62, 39, 169, 171, 216, 134, 131, 140, 144, 130, 173, 156, 157",163,Gambling
166,casa pariurilor ro,ro,18,150,1.50,1.03,casa pariurilor,2026-06-02 09:52:44,Sitelinks,350,329000,362000,2015-10-08,"Informational,Navigational,Commercial,Transactional,Branded,Non-local",Romanian,"73, 59, 74, 99, 95, 99, 181, 146, 82, 77, 129, 56, 46, 137, 236, 99, 83, 89, 269, 206, 161, 155, 141, 118","107, 115, 133, 114, 128, 128, 181, 142, 147, 133, 128, 102, 95",Sports betting; Sports
167,coduri bonus,ro,53,150,1.50,,bonus fara depunere 2024,2026-06-15 14:12:56,Sitelinks,200,1600,1600,2015-11-11,"Informational,Commercial,Non-branded,Non-local",Romanian,"47, 56, 72, 69, 84, 84, 84, 106, 88, 83, 102, 124, 65, 131, 141, 139, 183, 191, 154, 164, 160, 157, 154, 156","142, 148, 148, 151, 157, 147, 142, 149, 143, 141, 137",Gambling
168,case de pariuri cu bonus la inregistrare,ro,60,150,7.00,,pariuri bonus,2026-06-04 05:15:13,,200,1700,1800,2016-07-05,"Informational,Commercial,Transactional,Non-branded,Non-local",Romanian,"40, 18, 23, 31, 25, 18, 33, 28, 34, 41, 39, 45, 19, 176, 228, 176, 178, 194, 219, 202, 169, 182, 170, 163",172,Sports betting
169,oferte casa pariurilor,ro,9,150,0.60,1.11,casa pariurilor,2026-06-15 11:54:30,Sitelinks,200,346000,378000,2015-09-07,"Informational,Commercial,Branded,Non-local",Romanian,"121, 148, 148, 142, 132, 133, 142, 146, 157, 144, 147, 137, 120, 147, 147, 142, 132, 133, 142, 146, 157, 144, 147, 137","120, 147, 147, 142, 132, 133, 142, 146, 157, 144, 147, 137, 120",Sports betting
170,888 casino rotiri gratuite fara depunere,ro,64,150,1.30,,bonus casino,2026-06-18 19:43:18,,200,7700,7900,2021-05-28,"Informational,Commercial,Transactional,Branded,Non-local",Romanian,"47, 65, 20, 47, 64, 374, 246, 87, 64, 199, 193, 134, 74, 165, 323, 267, 270, 231, 127, 148, 129, 150, 102, 79","55, 62, 51, 47, 49, 85, 91, 73, 48, 82, 36, 20, 3",Gambling
171,casa pariurlor,ro,22,150,1.80,1.03,casa pariurilor,2026-06-11 21:59:30,"Sitelinks,Local pack",150,334000,366000,2015-09-08,"Informational,Navigational,Branded,Local",Romanian,"167, 215, 168, 227, 285, 299, 334, 211, 129, 175, 193, 217, 245, 361, 250, 99, 74, 57, 84, 49, 53, 80, 81, 62",67,Sports betting
172,case de pariuri bonus fara depunere,ro,59,150,2.50,,bonus pariuri fara depunere,2026-06-09 12:12:34,Sitelinks,150,1300,1400,2017-05-10,"Informational,Commercial,Transactional,Non-branded,Non-local",Romanian,"29, 38, 28, 46, 30, 38, 33, 63, 40, 51, 37, 21, 10, 107, 150, 119, 125, 174, 171, 167, 148, 153, 160, 155",156,Sports betting
173,rotiri gratuite de bun venit,ro,71,150,2.50,,rotiri gratuite fara depunere,2026-06-01 23:33:13,,200,168000,172000,2021-12-10,"Informational,Commercial,Non-branded,Non-local",Romanian,,,Gambling
174,princess casino cod bonus,ro,61,150,1.40,,princess casino bonus,2026-05-20 10:24:01,,250,600,700,2022-05-16,"Informational,Commercial,Transactional,Branded,Non-local",Romanian,"240, 242, 245, 297, 243, 246, 243, 304, 292, 295, 194, 233, 127, 168, 161, 152, 150, 158, 176, 212, 200, 178, 189, 172","134, 121, 130, 157, 167, 195, 195, 175, 166, 177, 155, 171, 134",Gambling
175,888 bonus,ro,68,150,2.50,,bonus casino,2026-06-18 19:31:55,Sitelinks,2000,7700,7900,2015-10-23,"Informational,Commercial,Branded,Non-local",English,"58, 45, 33, 35, 70, 69, 58, 73, 135, 194, 166, 107, 67, 112, 103, 238, 154, 112, 123, 135, 139, 150, 144, 134","125, 123, 122, 133, 136, 134, 129, 135, 140, 150, 145",Gambling
176,coduri promotionale casino,ro,52,150,2.00,,cod bonus casino,2026-06-12 00:27:56,,200,400,400,2017-03-26,"Informational,Commercial,Non-branded,Non-local",Romanian,"54, 56, 54, 44, 45, 54, 74, 98, 99, 94, 90, 70, 50, 177, 143, 146, 250, 205, 114, 140, 134, 129, 122, 112","99, 105, 101, 95, 101, 98, 99, 102, 90, 91, 82, 75, 62",Gambling
177,888casino bonus,ro,67,150,0.90,,bonus casino,2026-06-19 14:29:43,,3100,7700,7900,2019-11-11,"Informational,Commercial,Transactional,Branded,Non-local",English,"204, 169, 128, 201, 233, 300, 352, 237, 139, 144, 119, 121, 108, 126, 129, 154, 212, 159, 135, 145, 114, 107, 111, 105","94, 85, 72, 66, 84, 98, 107, 109, 78, 74, 78, 73, 63",Gambling
178,bonus casino romania,ro,74,150,1.70,,bonus fara depunere,2026-06-16 19:51:58,,250,134000,137000,2015-09-14,"Informational,Commercial,Non-branded,Non-local",English,"51, 43, 84, 97, 146, 118, 112, 109, 124, 131, 141, 115, 131, 182, 182, 149, 151, 185, 170, 178, 172, 181, 187, 181","173, 181, 187, 181, 185, 182, 183, 190, 185, 194, 200, 194, 186",Gambling
179,vlad cazino cod bonus,ro,57,150,0.90,,vlad cazino bonus fara depunere,2026-06-14 11:47:02,,150,400,450,2018-09-04,"Informational,Commercial,Transactional,Branded,Non-local",Romanian,"52, 43, 17, 53, 49, 45, 15, 5, 17, 48, 31, 26, 9, 64, 58, 70, 128, 143, 171, 182, 211, 243, 222, 74",180,Gambling
180,casa pariurile,ro,22,150,1.80,1.04,casa pariurilor,2026-06-07 21:50:29,Sitelinks,150,330000,362000,2015-10-09,"Informational,Navigational,Branded,Non-local",Romanian,"147, 92, 120, 129, 145, 133, 171, 147, 139, 102, 132, 94, 68, 36, 57, 159, 150, 216, 273, 154, 98, 111, 102, 79",99,Sports betting
181,bonus de bun venit casino,ro,68,150,6.00,,rotiri gratuite fara depunere,2026-06-26 15:25:06,,250,9200,9300,2019-04-24,"Informational,Commercial,Non-branded,Non-local",Romanian,"61, 58, 45, 71, 94, 85, 98, 82, 76, 108, 128, 108, 115, 143, 140, 161, 146, 151, 185, 192, 179, 188, 183, 187","178, 178, 171, 175, 175, 181, 184, 199, 186, 195, 190, 194, 185",Gambling
182,casa pariurilor rotiri gratuite fara depunere,ro,56,150,3.50,,bonus casino,2026-06-21 11:40:17,Sitelinks,150,3800,3900,2021-05-02,"Informational,Commercial,Transactional,Branded,Non-local",Romanian,"70, 62, 70, 320, 315, 176, 138, 150, 126, 102, 160, 187, 53, 253, 94, 88, 123, 94, 139, 176, 174, 154, 142, 84",130,Sports betting
183,bonus sport,ro,56,150,0.15,,netbet bonus,2026-06-12 05:52:04,,7500,200,250,2020-01-14,"Informational,Navigational,Commercial,Branded,Non-local",Romanian,"30, 106, 153, 48, 158, 226, 191, 173, 167, 229, 73, 64, 97, 162, 222, 80, 130, 239, 152, 145, 143, 173, 86, 104","98, 155, 192, 82, 145, 235, 166, 153, 152, 182, 95, 113, 107",Athletic apparel; Footwear
184,cod promo casa pariurilor,ro,59,100,,,bonus casino,2026-06-27 13:42:21,Sitelinks,100,4600,4800,2018-02-08,"Informational,Commercial,Transactional,Branded,Non-local",Romanian,"87, 73, 71, 57, 64, 80, 79, 74, 54, 71, 71, 90, 57, 112, 99, 117, 104, 102, 117, 124, 130, 88, 87, 69",82,Sports betting
185,casa parilor,ro,18,100,0.20,1.05,casa pariurilor,2026-06-07 07:37:55,"Sitelinks,Local pack",100,330000,362000,2015-09-28,"Informational,Commercial,Branded,Non-local",Romanian,"123, 76, 122, 154, 80, 88, 108, 102, 58, 112, 97, 79, 67, 72, 61, 69, 110, 85, 130, 150, 125, 64, 112, 134",104,Sports betting
186,bonusuri cazinouri,ro,73,100,0.50,,bonus fara depunere,2026-06-27 15:44:48,,150,128000,131000,2021-12-26,"Informational,Commercial,Transactional,Non-branded,Non-local",Romanian,"15, 3, 13, 19, 15, 17, 22, 65, 31, 21, 58, 58, 58, 377, 449, 313, 74, 42, 19, 32, 18, 27, 28, 31",30,Gambling
187,casapariuri,ro,34,100,2.00,1.02,casa pariurilor,2026-06-08 12:21:47,Sitelinks,200,330000,362000,2015-09-29,"Informational,Navigational,Commercial,Branded,Non-local",Romanian,,,Sports betting
188,cod bonus casa pariurilor,ro,51,100,0.90,,bonus casino,2026-06-01 04:49:11,,150,2500,2600,2016-04-21,"Informational,Commercial,Transactional,Branded,Non-local",Romanian,"52, 64, 75, 71, 83, 68, 92, 86, 67, 75, 72, 66, 45, 91, 88, 119, 137, 151, 164, 145, 122, 106, 71, 67",83,Sports betting
189,www.casapariurilor,ro,0,100,1.00,1.36,casa pariurilor,2026-06-14 17:08:23,Sitelinks,100,346000,378000,2015-09-03,"Navigational,Transactional,Branded,Non-local",,"229, 150, 140, 137, 208, 166, 176, 306, 199, 270, 382, 324, 108, 272, 310, 212, 142, 77, 67, 76, 67, 16, 28, 14",20,Sports betting
190,casa pariulor,ro,22,100,,0.99,casa pariurilor,2026-05-30 12:07:32,"Sitelinks,Local pack",100,329000,362000,2015-09-10,"Informational,Commercial,Transactional,Branded,Local",Romanian,"76, 65, 90, 96, 86, 86, 142, 125, 64, 111, 105, 120, 90, 120, 85, 81, 109, 89, 73, 87, 109, 127, 149, 118",132,Sports betting; Business
191,888 rotiri gratuite,ro,49,100,2.00,,888 casino bonus fara depunere,2026-06-12 06:33:37,"Video preview,Sitelinks",150,5100,5300,2021-01-05,"Informational,Commercial,Transactional,Branded,Non-local",Romanian,"238, 164, 129, 239, 243, 243, 241, 195, 130, 46, 56, 58, 59, 60, 48, 50, 118, 137, 121, 163, 106, 90, 110, 78","69, 54, 43, 53, 57, 50, 62, 103, 53, 37, 62, 33, 27",Lottery
192,casa pariur,ro,33,100,0.60,1,casa pariurilor,2026-05-27 12:38:13,Sitelinks,100,328000,360000,2015-09-03,"Informational,Commercial,Branded,Non-local",Romanian,,,Sports betting
193,bonus online casino,ro,80,100,,,casino online,2026-05-26 17:52:20,,3800,79000,83000,2020-01-17,"Informational,Commercial,Transactional,Non-branded,Non-local",English,"16, 20, 10, 68, 15, 13, 22, 94, 32, 30, 79, 120, 118, 269, 151, 87, 43, 60, 91, 113, 63, 48, 79, 47",59,Gambling
194,casa pari,ro,55,100,1.70,1.1,casa pariurilor,2026-05-22 02:07:35,"Sitelinks,Local pack",150,327000,359000,2015-09-03,"Navigational,Transactional,Branded,Local",Romanian,"132, 131, 129, 109, 82, 67, 85, 71, 103, 375, 87, 86, 104, 89, 165, 113, 201, 69, 136, 146, 119, 152, 96, 74","69, 76, 68, 55, 59, 79, 111, 107, 96, 118, 72, 44, 45",Sports betting
195,bonusuri vlad cazino,ro,55,100,0.50,,bonus casino,2026-06-08 22:51:56,"Featured snippet,Sitelinks",150,1000,1100,2020-01-14,"Informational,Commercial,Branded,Non-local",Romanian,"25, 35, 33, 37, 35, 31, 35, 32, 32, 37, 34, 34, 37, 107, 109, 111, 105, 104, 108, 117, 170, 181, 176, 129",163,Lottery
196,casa pariurilor 321 rotiri gratuite,ro,58,100,0.90,,casa pariurilor,2026-06-14 12:34:06,,100,346000,378000,2022-07-29,"Navigational,Commercial,Transactional,Branded,Non-local",Romanian,"196, 157, 155, 178, 166, 228, 196, 174, 95, 156, 128, 208, 94, 276, 256, 176, 69, 43, 69, 71, 43, 45, 72, 54",58,Sports betting
197,casino 888 online,ro,57,100,4.00,,pacanele,2026-06-27 09:19:00,,2000,12000,13000,2015-12-29,"Informational,Navigational,Commercial,Transactional,Branded,Non-local",English,"168, 154, 57, 80, 202, 376, 469, 378, 210, 174, 120, 87, 85, 89, 252, 284, 107, 39, 55, 129, 107, 123, 114, 127",,Gambling
198,promoti cazino,ro,73,100,2.00,,bonus fara depunere,2026-06-20 14:32:43,,100,131000,134000,2018-06-19,"Informational,Commercial,Transactional,Non-branded,Non-local",Romanian,"15, 36, 62, 60, 48, 95, 157, 154, 85, 117, 31, 21, 12, 24, 17, 82, 158, 137, 108, 127, 138, 125, 110, 118",119,Gambling
199,casa pariurilor cod promotional,ro,61,100,1.70,,bonus casino,2026-06-24 08:01:47,,150,4600,4700,2018-05-17,"Informational,Commercial,Transactional,Branded,Non-local",Romanian,"74, 77, 60, 78, 105, 102, 87, 62, 53, 74, 62, 78, 55, 99, 89, 103, 149, 154, 135, 147, 114, 106, 106, 117",110,Sports betting
200,www casa pariurilor oferta,ro,29,100,0.60,,casa pariurilor,2026-05-24 04:24:37,Sitelinks,100,328000,360000,2015-09-11,"Informational,Navigational,Commercial,Branded,Non-local",Romanian,"363, 281, 208, 373, 271, 226, 182, 150, 201, 128, 167, 248, 134, 144, 194, 117, 98, 113, 123, 80, 62, 56, 60, 54",58,Sports betting
201,casino with bonus,ro,80,100,4.50,,bonus casino,2026-05-27 02:04:55,Top ads,2300,6400,6500,2020-02-28,"Informational,Commercial,Transactional,Non-branded,Non-local",English,"7, 21, 8, 58, 9, 7, 20, 106, 66, 58, 235, 183, 135, 336, 282, 111, 43, 49, 43, 57, 51, 59, 59, 42",54,Gambling
202,casa pariurilor inregistrare,ro,30,100,2.50,,creare cont casa pariurilor,2026-05-22 07:08:46,,100,200,250,2015-09-26,"Informational,Navigational,Commercial,Transactional,Branded,Non-local",Romanian,,,Sports betting
203,getsbet cod bonus,ro,56,100,1.90,,gets bet bonus fara depunere,2026-05-27 17:45:47,,150,1400,1400,2021-09-12,"Informational,Commercial,Transactional,Branded,Non-local",Romanian,"130, 164, 204, 206, 137, 90, 88, 92, 90, 161, 141, 139, 92, 194, 204, 170, 108, 86, 94, 97, 111, 122, 103, 107","110, 122, 123, 115, 99, 95, 107, 105, 102, 114, 95, 99, 102",Sports betting
204,bonusuri casa pariurilor,ro,32,100,2.00,,bonus casino,2026-06-07 19:30:00,Sitelinks,100,3400,3500,2016-03-24,"Informational,Commercial,Branded,Non-local",Romanian,"70, 53, 58, 60, 67, 63, 64, 65, 53, 69, 94, 89, 47, 99, 99, 129, 122, 162, 123, 118, 139, 110, 77, 31",74,Sports betting
205,gets bet rotiri gratuite fara depunere,ro,53,100,1.70,,gets bet bonus fara depunere,2026-05-22 12:29:37,,100,1400,1400,2021-07-13,"Informational,Commercial,Transactional,Non-branded,Non-local",Romanian,"168, 86, 69, 86, 69, 87, 257, 310, 245, 376, 206, 202, 38, 76, 62, 141, 69, 85, 102, 127, 106, 122, 103, 105","80, 78, 67, 82, 77, 92, 104, 129, 108, 124, 105, 107, 82",Gambling
206,bonusuri de bun venit fara depunere,ro,72,100,7.00,,bonus fara depunere,2026-06-17 20:57:07,Sitelinks,100,135000,138000,2016-03-23,"Informational,Commercial,Transactional,Non-branded,Non-local",Romanian,"35, 27, 36, 56, 59, 47, 62, 170, 57, 79, 42, 31, 23, 85, 86, 149, 134, 94, 103, 117, 82, 92, 113, 96","98, 97, 95, 109, 129, 110, 109, 122, 87, 97, 118, 101, 104",Gambling
207,bonusuri case pariuri,ro,57,100,4.50,,pariuri bonus,2026-06-14 20:55:05,Sitelinks,100,1700,1800,2016-04-26,"Informational,Commercial,Transactional,Non-branded,Non-local",Romanian,"13, 11, 13, 5, 14, 9, 10, 7, 9, 8, 20, 16, 4, 101, 104, 101, 118, 135, 110, 130, 81, 95, 101, 88",95,Sports betting
208,cod promotie 888 casino,ro,59,100,1.10,,cod promotie 888 casino,2026-06-11 08:26:25,"Sitelinks,Video preview",150,50,50,2020-12-08,"Informational,Commercial,Transactional,Branded,Non-local",Romanian,"204, 207, 138, 257, 261, 255, 324, 320, 260, 262, 252, 171, 206, 152, 118, 55, 116, 84, 88, 92, 97, 117, 89, 91","102, 85, 80, 85, 96, 104, 113, 106, 100, 103, 100, 84, 94",Gambling
209,oferte pariuri,ro,79,100,5.00,,pariuri bonus,2026-06-15 21:19:22,,150,1700,1800,2015-09-12,"Informational,Commercial,Non-branded,Non-local",Romanian,"53, 49, 43, 49, 65, 64, 77, 63, 49, 93, 94, 115, 91, 91, 81, 164, 154, 127, 148, 120, 138, 135, 117, 111","104, 108, 111, 141, 140, 148, 145, 121, 140, 137, 118, 112, 106",Sports betting
210,casa pariurilor descarca,ro,28,100,1.30,,casa pariurilor apk,2026-06-21 07:54:56,,150,1800,2100,2019-05-12,"Informational,Transactional,Branded,Non-local",Romanian,"13, 17, 31, 19, 20, 25, 43, 61, 157, 35, 123, 110, 42, 104, 167, 102, 89, 80, 254, 158, 96, 76, 111, 107",99,Sports betting
211,coduri bonus vlad cazino,ro,53,100,1.00,,cod promotional vlad cazino,2026-05-26 03:32:04,Sitelinks,150,200,200,2019-08-29,"Informational,Commercial,Branded,Non-local",Romanian,,,Gambling
212,bonus 888,ro,65,100,2.50,,oferte casino,2026-06-02 21:58:15,Sitelinks,11000,5000,5100,2015-09-03,"Informational,Commercial,Branded,Non-local",English,"47, 34, 25, 26, 52, 51, 43, 54, 98, 152, 129, 89, 62, 144, 155, 211, 101, 64, 68, 75, 77, 84, 81, 72","69, 72, 72, 76, 74, 76, 74, 80, 82, 89, 85, 77, 74",Gambling
213,princess casino 110 rotiri gratuite,ro,69,100,4.50,,rotiri gratuite fara depunere,2026-06-26 00:49:13,,150,2900,3000,2021-11-30,"Informational,Commercial,Transactional,Branded,Non-local",Romanian,"48, 66, 24, 57, 53, 24, 33, 63, 83, 89, 40, 40, 25, 97, 98, 74, 86, 123, 190, 214, 132, 91, 127, 80",100,Gambling
214,promotii cazino,ro,68,100,6.00,,bonus fara depunere,2026-05-27 03:40:26,,150,144000,148000,2019-02-24,"Informational,Commercial,Non-branded,Non-local",Romanian,"83, 108, 110, 136, 85, 86, 109, 63, 105, 125, 155, 103, 49, 94, 79, 225, 116, 103, 129, 138, 95, 119, 92, 114","115, 113, 113, 129, 118, 118, 131, 136, 129, 136, 134, 123, 124",Gambling
215,bonus fara depunere vlad cazino,ro,58,100,1.40,,vlad cazino rotiri gratuite fara depunere,2026-06-05 18:09:45,,150,900,900,2020-01-13,"Informational,Commercial,Transactional,Branded,Non-local",Romanian,"15, 15, 34, 33, 27, 41, 39, 36, 32, 28, 30, 29, 19, 72, 102, 120, 121, 110, 195, 182, 119, 124, 134, 115",125,Gambling
216,getsbet rotiri gratuite fara depunere,ro,57,100,1.70,,gets bet bonus fara depunere,2026-05-28 02:29:14,,100,1400,1400,2022-04-24,"Informational,Commercial,Transactional,Non-branded,Non-local",Romanian,"61, 49, 66, 60, 75, 57, 107, 49, 16, 29, 40, 52, 66, 85, 47, 47, 90, 145, 165, 147, 103, 87, 107, 100",98,Gambling
217,888 cazino.ro,ro,56,100,1.40,,888 casino online,2026-06-07 08:02:40,,100,100,150,2017-10-22,"Navigational,Transactional,Branded,Non-local",Romanian,"660, 780, 783, 627, 609, 397, 493, 360, 330, 243, 202, 232, 113, 124, 138, 104, 132, 169, 179, 138, 68, 55, 43, 35",38,Gambling
218,888 casino free spins,ro,65,100,3.50,,bonus casino,2026-05-21 17:23:18,People also ask,7700,5000,5100,2020-01-09,"Informational,Commercial,Transactional,Branded,Non-local",English,"64, 55, 53, 55, 40, 34, 34, 75, 80, 106, 83, 75, 77, 53, 82, 81, 129, 87, 79, 65, 95, 145, 134, 173",152,Gambling
219,gets bet cod bonus,ro,53,100,1.90,,gets bet bonus fara depunere,2026-05-22 14:27:15,,150,1400,1400,2020-06-03,"Informational,Commercial,Transactional,Branded,Non-local",Romanian,"134, 164, 197, 196, 132, 88, 91, 91, 84, 163, 124, 131, 85, 138, 132, 126, 102, 83, 92, 89, 105, 109, 94, 97","97, 102, 107, 109, 104, 97, 102, 102, 98, 106, 95, 94, 94",Gambling
220,faci bani introducand coduri,ro,0,100,0.30,,faci bani introducand coduri,2026-06-04 02:48:48,,100,20,20,2018-11-02,"Informational,Commercial,Non-branded,Non-local",Romanian,"610, 831, 784, 701, 482, 415, 290, 526, 296, 190, 114, 77, 51, 140, 150, 147, 121, 111, 89, 142, 44, 46, 30, 61",47,Sports betting; General reference
221,rotiri gratuite princess casino,ro,69,90,4.00,,rotiri gratuite fara depunere,2026-06-23 04:45:25,,100,2900,3000,2021-01-28,"Informational,Commercial,Branded,Non-local",Romanian,,,Gambling
222,m.casapariurilor,ro,0,90,0.20,,casa pariurilor,2026-06-21 18:02:11,Sitelinks,90,346000,379000,2015-09-26,"Navigational,Transactional,Branded,Non-local",,"57, 49, 117, 30, 77, 104, 95, 61, 49, 41, 80, 66, 64, 52, 0, 111, 94, 128, 184, 130, 75, 87, 80, 46",72,Sports betting
223,bonus case de pariuri,ro,62,90,4.50,,pariuri bonus,2026-06-22 03:14:59,Sitelinks,150,1700,1800,2016-07-05,"Informational,Commercial,Transactional,Non-branded,Non-local",Romanian,"16, 20, 19, 23, 23, 23, 26, 22, 30, 45, 45, 38, 32, 40, 48, 68, 38, 41, 32, 40, 38, 48, 44, 549",219,Sports betting
224,casa pariuri sportive,ro,60,90,1.60,,casa pariurilor,2026-06-04 19:13:45,Sitelinks,100,330000,362000,2015-09-04,"Informational,Navigational,Commercial,Transactional,Branded,Non-local",Romanian,"380, 244, 258, 373, 313, 269, 79, 147, 308, 308, 167, 252, 48, 75, 79, 105, 107, 82, 124, 113, 79, 103, 65, 110","105, 69, 152, 94, 109, 50, 112, 101, 64, 89, 53, 98, 94",Sports betting; Sports
225,bonusuri pariuri sportive,ro,64,90,6.00,,pariuri bonus,2026-06-04 16:42:09,Sitelinks,100,1700,1800,2016-02-17,"Informational,Commercial,Non-branded,Non-local",Romanian,,,Sports betting
226,jocuri casa pariurilor,ro,37,90,0.60,,casa pariurilor casino,2026-05-23 09:37:11,Sitelinks,100,39000,42000,2015-11-13,"Informational,Navigational,Commercial,Transactional,Branded,Non-local",Romanian,"115, 114, 200, 92, 47, 64, 65, 98, 75, 106, 31, 76, 35, 63, 62, 77, 122, 87, 171, 75, 85, 104, 102, 103",104,Sports betting
227,case pariuri bonus fara depunere,ro,56,90,4.00,,bonus pariuri fara depunere,2026-05-25 11:46:16,Sitelinks,90,1300,1300,2016-03-18,"Informational,Commercial,Transactional,Non-branded,Non-local",Romanian,"15, 6, 16, 19, 22, 30, 20, 29, 26, 9, 10, 27, 19, 74, 81, 66, 89, 77, 89, 138, 101, 113, 91, 102",103,Sports betting
228,bonus fara depunere princess casino,ro,62,90,4.00,,rotiri gratuite fara depunere,2026-06-07 16:18:37,,100,3800,3900,2021-01-23,"Informational,Commercial,Branded,Non-local",Romanian,,,Gambling
229,oferte cazino,ro,73,90,4.50,,bonus fara depunere,2026-05-26 03:07:30,,100,144000,148000,2019-06-12,"Informational,Commercial,Non-branded,Non-local",Romanian,"99, 79, 100, 92, 90, 92, 91, 100, 93, 95, 94, 97, 100, 96, 90, 91, 89, 91, 91, 99, 93, 94, 94, 96","100, 96, 90, 91, 89, 91, 91, 99, 93, 94, 94, 96",Gambling
230,rotiri gratuite fara depunere gets bet,ro,56,80,3.00,,gets bet bonus fara depunere,2026-05-23 14:31:55,,100,1400,1400,2021-12-01,"Informational,Commercial,Branded,Non-local",Romanian,,,Gambling
231,casa pariuri online,ro,69,80,6.00,1.11,casa pariurilor,2026-06-08 12:32:27,Sitelinks,100,330000,362000,2015-09-12,"Informational,Commercial,Branded,Non-local",Romanian,"32, 29, 29, 39, 43, 35, 46, 61, 30, 32, 39, 59, 72, 141, 76, 77, 108, 119, 124, 37, 80, 18, 34, 43","35, 99, 13, 49, 43, 69, 45, 29, 29, 10, 10, 13, 12",Sports betting
232,vlad casino ro,ro,6,80,0.60,,vlad casino,2026-05-29 05:31:28,Sitelinks,90,78000,86000,2020-10-25,"Informational,Navigational,Commercial,Transactional,Branded,Non-local",,"24, 19, 26, 17, 13, 11, 26, 10, 15, 19, 42, 43, 8, 28, 17, 18, 19, 31, 100, 136, 105, 150, 155, 171",159,Gambling
233,888casino ro,ro,49,80,3.00,,casino 888,2026-06-28 04:24:25,,250,2100,2100,2019-10-02,"Informational,Navigational,Commercial,Transactional,Branded,Non-local",,"77, 71, 69, 63, 62, 72, 79, 82, 73, 75, 113, 84, 80, 74, 71, 65, 64, 75, 82, 84, 75, 77, 116, 86","82, 76, 73, 66, 65, 76, 83, 85, 76, 78, 117, 87, 83",Gambling
234,oferte case de pariuri,ro,68,80,3.50,,pariuri bonus,2026-06-24 22:18:48,Sitelinks,80,1700,1700,2015-10-16,"Informational,Commercial,Non-branded,Non-local",Romanian,"63, 43, 32, 41, 43, 37, 38, 44, 41, 42, 33, 50, 17, 63, 71, 83, 71, 86, 103, 135, 78, 62, 59, 63",63,Sports betting
235,www casa pariurilor ro oferta,ro,12,80,1.00,,casa pariurilor,2026-06-12 20:55:33,Sitelinks,100,334000,366000,2020-01-14,"Informational,Navigational,Commercial,Branded,Non-local",Romanian,,,Sports betting
236,casa pariurilor oferte,ro,32,80,1.50,1.16,casa pariurilor,2026-05-22 12:29:56,"Sitelinks,Bottom ads",150,327000,360000,2015-09-01,"Informational,Commercial,Branded,Non-local",Romanian,"65, 119, 89, 81, 79, 66, 63, 72, 83, 68, 71, 60, 63, 117, 88, 81, 78, 65, 62, 72, 82, 68, 71, 60","63, 117, 88, 80, 78, 65, 62, 72, 82, 68, 71, 60, 63",Sports betting
237,casa pariurior,ro,18,80,0.60,1.15,casa pariurilor,2026-05-26 16:55:34,"Sitelinks,Local pack",90,328000,360000,2015-09-07,"Navigational,Commercial,Transactional,Branded,Local",Romanian,"40, 39, 30, 42, 21, 40, 34, 33, 47, 37, 29, 97, 41, 100, 93, 139, 98, 90, 114, 133, 80, 48, 48, 25",37,Sports betting; Sports
238,casapariurlor,ro,16,80,0.60,0.97,casa pariurilor,2026-05-26 06:37:32,"Sitelinks,Local pack",80,328000,360000,2015-10-21,"Informational,Navigational,Commercial,Branded,Non-local",Romanian,"61, 67, 70, 80, 85, 88, 107, 95, 88, 78, 74, 66, 61, 67, 70, 80, 85, 88, 107, 95, 88, 78, 74, 66","61, 67, 70, 80, 85, 88, 107, 95, 88, 78, 74",Sports betting
239,bonus fara depunere gets bet,ro,62,80,1.40,,gets bet bonus fara depunere,2026-06-26 02:41:50,,100,1300,1300,2021-04-28,"Informational,Commercial,Transactional,Branded,Non-local",Romanian,"160, 145, 105, 70, 86, 85, 76, 71, 60, 69, 79, 90, 57, 80, 64, 83, 99, 68, 144, 129, 78, 81, 66, 54",68,Sports betting
240,princess casino 110 rotiri,ro,69,70,4.00,,rotiri gratuite fara depunere,2026-06-27 15:52:58,Video preview,70,2900,3000,2022-08-21,"Informational,Commercial,Transactional,Branded,Non-local",Romanian,"5, 3, 4, 3, 4, 0, 1, 0, 0, 0, 0, 0, 0, 43, 45, 33, 38, 41, 114, 143, 192, 52, 55, 68",59,Gambling
241,casa pariurilor fara depunere,ro,52,70,2.50,,bonus casino,2026-06-08 12:34:34,Sitelinks,80,3400,3500,2022-01-18,"Informational,Commercial,Transactional,Branded,Non-local",Romanian,"21, 30, 59, 89, 71, 131, 256, 286, 109, 164, 189, 96, 41, 74, 26, 44, 49, 42, 94, 115, 105, 86, 62, 86",79,Sports betting
242,rotiri gratuite gets bet,ro,53,70,3.00,,gets bet bonus fara depunere,2026-05-24 01:49:31,,80,1400,1400,2021-04-23,"Informational,Commercial,Transactional,Branded,Non-local",Romanian,"60, 60, 80, 70, 99, 68, 84, 100, 103, 51, 43, 63, 43, 31, 54, 50, 76, 68, 130, 104, 77, 63, 58, 62",62,Gambling
243,888.ro login,ro,62,70,2.50,,888.ro,2026-06-28 16:43:27,,80,2200,2500,2017-09-27,"Navigational,Transactional,Branded,Non-local",English,"10, 2, 3, 0, 0, 0, 0, 0, 0, 0, 0, 5, 3, 13, 18, 16, 19, 41, 21, 51, 154, 199, 118, 148",156,Sports betting
244,bonusuri pacanele,ro,71,70,4.50,,bonus fara depunere,2026-06-23 08:20:18,,70,128000,131000,2020-08-10,"Informational,Commercial,Branded,Non-local",Romanian,"15, 26, 14, 14, 9, 22, 50, 10, 17, 12, 11, 10, 5, 83, 52, 73, 60, 59, 77, 91, 72, 76, 58, 64",67,Gambling
245,casa pariurilor promotii,ro,59,70,2.00,,bonus casino,2026-06-27 13:02:19,,90,4600,4800,2015-12-16,"Informational,Commercial,Branded,Non-local",Romanian,"28, 12, 8, 32, 26, 36, 26, 22, 16, 33, 43, 36, 5, 38, 37, 28, 49, 49, 121, 251, 79, 38, 51, 49",41,Sports betting
246,pariurilor,ro,65,70,4.00,0.69,casa pariurilor,2026-06-11 12:14:31,"Sitelinks,Local pack",80,333000,365000,2015-10-01,"Informational,Commercial,Branded,Non-local",Romanian,"89, 82, 77, 82, 64, 71, 133, 72, 84, 103, 76, 68, 46, 57, 79, 61, 71, 72, 75, 67, 90, 77, 80, 61",73,Sports betting
247,cod promoțional vlad cazino,ro,57,70,1.40,,vlad cazino bonus fara depunere,2026-06-05 03:21:47,Sitelinks,80,400,450,2020-02-24,"Informational,Commercial,Transactional,Branded,Non-local",Romanian,"2, 0, 0, 8, 7, 1, 2, 3, 4, 6, 8, 17, 3, 62, 72, 78, 100, 113, 138, 134, 78, 32, 47, 23",35,Gambling
248,casa priurilor,ro,32,70,,1.05,casa pariurilor,2026-06-26 14:17:00,Sitelinks,70,347000,379000,2015-09-14,"Navigational,Commercial,Transactional,Branded,Local",Romanian,"93, 59, 61, 54, 61, 76, 81, 66, 100, 72, 52, 69, 38, 56, 37, 47, 118, 83, 69, 74, 95, 92, 60, 43",66,Sports betting
249,rotiri gratuite 888 casino,ro,60,70,4.00,,888 casino bonus fara depunere,2026-06-25 15:26:15,"Sitelinks,Video preview",80,4500,4700,2021-10-25,"Informational,Commercial,Transactional,Branded,Non-local",Romanian,"97, 65, 55, 43, 41, 80, 63, 114, 80, 65, 36, 28, 19, 14, 11, 20, 93, 107, 76, 93, 80, 111, 129, 116",119,Sports betting
250,princess rotiri gratuite,ro,69,70,3.00,,rotiri gratuite fara depunere,2026-06-28 17:37:33,,90,2900,3000,2022-01-24,"Informational,Commercial,Transactional,Non-branded,Non-local",Romanian,"30, 24, 25, 25, 28, 8, 5, 8, 4, 6, 12, 6, 7, 48, 49, 37, 53, 50, 101, 161, 105, 67, 72, 87",77,Gambling
251,ofertă casa pariurilor,ro,4,70,1.00,,casa pariurilor,2026-05-21 22:18:59,Sitelinks,80,327000,359000,2016-01-12,"Informational,Commercial,Branded,Non-local",Romanian,,,Sports betting
252,bonusuri cu depunere,ro,51,70,1.10,,oferte casino,2026-06-05 02:29:20,,90,5100,5200,2021-11-14,"Informational,Commercial,Transactional,Non-branded,Non-local",Romanian,"18, 9, 27, 15, 19, 10, 13, 20, 18, 19, 17, 29, 16, 81, 88, 67, 70, 66, 94, 89, 76, 65, 76, 75",73,Sports betting
253,bonus fara depunere princess,ro,65,70,1.50,,rotiri gratuite fara depunere,2026-06-18 02:07:08,,80,3400,3500,2021-12-27,"Informational,Commercial,Transactional,Branded,Non-local",Romanian,"62, 48, 81, 58, 66, 52, 38, 13, 8, 9, 7, 3, 14, 46, 47, 34, 40, 62, 120, 138, 75, 67, 71, 82",74,Gambling
254,get bet rotiri gratuite,ro,64,70,1.90,,gets bet bonus fara depunere,2026-06-22 01:34:24,,80,1300,1300,2022-02-14,"Informational,Commercial,Transactional,Branded,Non-local",Romanian,"61, 51, 35, 9, 0, 19, 64, 79, 53, 96, 34, 30, 15, 21, 42, 55, 51, 54, 122, 99, 75, 79, 118, 58",86,Gambling
255,bonus fara depunere 888 casino,ro,62,70,1.50,,bonus casino,2026-06-18 16:11:47,Sitelinks,90,7700,7900,2021-01-24,"Informational,Commercial,Transactional,Branded,Non-local",Romanian,"83, 36, 36, 42, 40, 88, 87, 77, 55, 46, 37, 32, 31, 37, 29, 43, 54, 88, 68, 62, 84, 115, 99, 105",107,Gambling
256,creare cont casa pariurilor,ro,15,60,2.50,1.52,casa pariurilor inregistrare,2026-06-02 10:49:56,,60,150,200,2015-09-17,"Informational,Commercial,Transactional,Branded,Non-local",Romanian,"23, 27, 19, 30, 24, 31, 12, 18, 13, 25, 4, 15, 11, 35, 47, 38, 36, 50, 96, 90, 76, 48, 77, 87",71,Sports betting
257,casa pariurilot,ro,22,60,0.60,0.88,casa pariurilor,2026-05-29 22:10:28,"Sitelinks,Knowledge panel",70,329000,362000,2015-09-11,"Informational,Navigational,Commercial,Transactional,Branded,Non-local",Romanian,"80, 62, 62, 50, 60, 60, 58, 54, 63, 71, 72, 70, 43, 75, 51, 64, 65, 55, 76, 69, 43, 61, 53, 55",57,Sports betting
258,getsbet bonus,ro,63,60,2.50,,gets bet bonus fara depunere,2026-06-26 23:53:13,,90,1300,1300,2019-02-02,"Informational,Commercial,Branded,Non-local",English,,,Gambling
259,www.casapariurilor.ro,ro,11,60,1.00,1.12,casa pariurilor,2026-06-27 22:01:55,Sitelinks,100,347000,379000,2015-09-12,"Navigational,Transactional,Branded,Non-local",,"45, 65, 59, 53, 95, 79, 100, 73, 117, 98, 107, 41, 29, 50, 44, 38, 81, 65, 86, 59, 104, 85, 94, 28","17, 38, 32, 26, 69, 53, 75, 48, 93, 74, 83, 18, 6",Sports betting; Sports
260,bonusuri pariuri fara depunere,ro,58,60,,,bonus pariuri fara depunere,2026-06-06 19:19:42,Bottom ads,60,1300,1400,2015-10-24,"Informational,Commercial,Non-branded,Non-local",Romanian,"8, 8, 12, 5, 12, 5, 14, 15, 17, 16, 6, 10, 13, 55, 69, 49, 62, 66, 58, 69, 55, 69, 83, 70",76,Sports betting
261,rotiri gratuite fara depunere princess casino,ro,64,60,4.50,,princess casino rotiri gratuite,2026-05-25 20:11:11,,80,2300,2400,2021-07-04,"Informational,Commercial,Branded,Non-local",Romanian,,,Gambling
262,promotii casino rotiri gratuite,ro,68,60,3.50,,bonus fara depunere,2026-05-28 03:44:51,Sitelinks,70,144000,148000,2022-01-05,"Informational,Commercial,Transactional,Non-branded,Non-local",Romanian,"57, 63, 62, 66, 85, 93, 85, 80, 32, 28, 19, 6, 4, 52, 48, 39, 47, 112, 73, 84, 69, 40, 47, 59",50,Gambling
263,casaparourilor,ro,18,60,,,casa pariurilor,2026-06-07 22:07:22,"Sitelinks,Local pack",60,330000,362000,2016-03-09,"Informational,Commercial,Branded,Non-local",Romanian,"47, 41, 30, 40, 31, 41, 48, 32, 38, 54, 61, 53, 30, 49, 41, 43, 94, 48, 66, 59, 51, 67, 63, 43",58,Sports betting
264,casapariurilo,ro,18,60,,0.89,casa pariurilor,2026-06-09 06:56:09,"Sitelinks,Local pack",60,332000,364000,2015-09-10,"Informational,Commercial,Branded,Non-local",Romanian,"47, 50, 47, 47, 56, 37, 47, 99, 38, 47, 50, 67, 43, 31, 30, 35, 38, 33, 71, 57, 51, 75, 76, 50",68,Sports betting
265,cazinouri cu bonusuri fara depunere,ro,67,60,4.50,,bonus fara depunere,2026-06-20 23:23:53,Sitelinks,90,131000,134000,2016-05-04,"Informational,Commercial,Transactional,Non-branded,Non-local",Romanian,"84, 84, 71, 69, 71, 79, 106, 96, 82, 84, 56, 54, 60, 60, 48, 47, 49, 58, 85, 76, 63, 65, 37, 36","42, 43, 31, 31, 34, 43, 70, 62, 48, 51, 24, 23, 30",Gambling
266,bonus 888casino,ro,65,60,,,888 casino,2026-06-28 15:06:11,Sitelinks,500,74000,78000,2020-01-09,"Informational,Commercial,Branded,Non-local",English,,,Gambling
267,bonusuri la depunere,ro,53,60,3.00,,bonus fara depunere,2026-06-24 13:47:22,,90,128000,131000,2015-10-07,"Informational,Commercial,Non-branded,Non-local",Romanian,"50, 42, 45, 52, 52, 52, 53, 54, 55, 56, 57, 57, 57, 59, 59, 61, 61, 60, 62, 63, 64, 65, 65, 66","67, 69, 69, 70, 71, 71, 72, 73, 74, 76, 76, 77, 78",Sports betting
268,cod bonus vlad cazino fara depunere,ro,62,60,1.10,,vlad cazino rotiri gratuite fara depunere,2026-06-21 07:14:28,Sitelinks,80,900,900,2021-01-09,"Informational,Commercial,Transactional,Branded,Non-local",Romanian,"46, 32, 15, 21, 21, 5, 30, 19, 45, 41, 32, 50, 16, 28, 58, 49, 97, 75, 71, 92, 99, 81, 45, 36",48,Gambling
269,casapariurilor ro,ro,0,60,1.20,,casa pariurilor,2026-06-26 16:41:48,Sitelinks,70,347000,379000,2015-09-09,"Navigational,Transactional,Branded,Non-local",Romanian,"45, 63, 53, 48, 44, 21, 31, 30, 103, 35, 28, 29, 27, 47, 49, 30, 30, 62, 203, 60, 55, 58, 50, 53",55,Sports betting; Sports
270,inregistrare casa pariurilor,ro,39,50,1.60,,creare cont casa pariurilor,2026-05-22 22:28:53,,50,150,200,2015-12-12,"Informational,Transactional,Branded,Non-local",Romanian,"28, 26, 20, 59, 15, 27, 30, 22, 20, 25, 14, 13, 13, 34, 31, 24, 29, 32, 61, 110, 94, 39, 62, 57",53,Sports betting
271,cod promotional princess casino,ro,59,50,2.00,,cod bonus princess casino,2026-06-19 15:51:36,"Sitelinks,Video preview",90,80,80,2022-05-06,"Informational,Commercial,Branded,Non-local",Romanian,"51, 38, 49, 50, 42, 48, 36, 41, 44, 45, 50, 60, 51, 38, 49, 50, 42, 48, 35, 41, 44, 45, 49, 60","50, 38, 49, 50, 42, 48, 35, 41, 44, 45, 49, 60",Gambling
272,bonus cazinou,ro,68,50,5.00,,888 casino bonus fara depunere,2026-06-15 05:59:01,Sitelinks,70,5000,5200,2017-08-18,"Informational,Commercial,Transactional,Non-branded,Non-local",Romanian,"35, 34, 34, 36, 37, 38, 38, 38, 38, 42, 40, 44, 44, 43, 44, 46, 47, 48, 47, 48, 48, 51, 50, 53","54, 53, 54, 56, 56, 57, 57, 58, 58, 61, 60, 63, 64",Gambling
273,casa pariurulor,ro,26,50,0.60,0.96,casa pariurilor,2026-06-27 18:30:36,Sitelinks,50,347000,379000,2015-09-04,"Informational,Navigational,Commercial,Transactional,Branded,Local",Romanian,"61, 139, 91, 39, 28, 51, 32, 43, 13, 28, 32, 63, 22, 47, 51, 39, 68, 36, 68, 50, 41, 49, 54, 40",49,Sports betting
274,bonus de bun venit casa pariurilor,ro,46,50,3.00,,400 rotiri gratuite fara depunere,2026-06-05 10:09:23,,60,200,200,2016-04-21,"Informational,Commercial,Branded,Non-local",Romanian,"30, 22, 36, 44, 47, 55, 48, 46, 24, 44, 59, 47, 25, 53, 38, 50, 53, 41, 49, 51, 55, 43, 59, 42",49,Sports betting
275,casa pariuriloe,ro,36,50,0.60,0.95,casa pariurilor,2026-06-02 13:42:46,"Sitelinks,Local pack",60,329000,362000,2015-10-02,"Informational,Navigational,Commercial,Branded,Local",Romanian,"88, 53, 48, 46, 47, 36, 104, 34, 38, 53, 45, 69, 47, 54, 40, 50, 61, 27, 60, 53, 55, 56, 61, 57",59,Sports betting; Sports
276,casa pariurilor bonusuri,ro,33,50,3.00,,casa pariurilor bonus de bun venit,2026-05-21 06:07:42,Sitelinks,60,1500,1600,2015-09-10,"Informational,Commercial,Branded,Non-local",Romanian,,,Sports betting
277,bonusuri la inregistrare,ro,72,50,,,bonus fara depunere,2026-05-22 07:56:54,Bottom ads,50,138000,142000,2020-10-21,"Informational,Commercial,Non-branded,Non-local",Romanian,"28, 38, 18, 25, 43, 25, 38, 66, 51, 65, 42, 27, 9, 37, 39, 30, 37, 41, 45, 84, 45, 74, 57, 56",63,Gambling
278,promotii rotiri gratuite,ro,69,50,4.50,,bonus fara depunere,2026-06-17 00:46:06,Sitelinks,50,134000,137000,2022-01-21,"Informational,Commercial,Transactional,Non-branded,Non-local",Romanian,"21, 32, 37, 39, 25, 27, 18, 14, 16, 40, 18, 22, 20, 28, 26, 36, 86, 52, 44, 32, 53, 32, 55, 68",53,Lottery
279,rotiri gratuite casa pariurilor,ro,42,50,4.50,,400 rotiri gratuite fara depunere,2026-06-05 03:20:28,,70,200,200,2018-06-16,"Informational,Commercial,Branded,Non-local",Romanian,"148, 121, 123, 122, 109, 103, 94, 103, 110, 97, 80, 69, 48, 49, 55, 43, 41, 39, 36, 49, 60, 50, 37, 28","10, 14, 23, 13, 14, 13, 12, 26, 39, 31, 19, 12",Gambling
