homepage.md	HOMEPAGE	/
hub-aplicatii.md	APP-HUB	/aplicatii/
app-12xbet.md	APP-REVIEW	/aplicatii/12xbet
app-888sport.md	APP-REVIEW	/aplicatii/888sport
app-betano.md	APP-REVIEW	/aplicatii/betano
app-betfair.md	APP-REVIEW	/aplicatii/betfair
app-casa-pariurilor.md	APP-REVIEW	/aplicatii/casa-pariurilor
app-don-ro.md	APP-REVIEW	/aplicatii/don-ro
app-favbet.md	APP-REVIEW	/aplicatii/favbet
app-fortuna.md	APP-REVIEW	/aplicatii/fortuna
app-getsbet.md	APP-REVIEW	/aplicatii/getsbet
app-maxbet.md	APP-REVIEW	/aplicatii/maxbet
app-netbet.md	APP-REVIEW	/aplicatii/netbet
app-pokerstars.md	APP-REVIEW	/aplicatii/pokerstars
app-stanleybet.md	APP-REVIEW	/aplicatii/stanleybet
app-superbet.md	APP-REVIEW	/aplicatii/superbet
app-topbet.md	APP-REVIEW	/aplicatii/topbet
app-totogaming.md	APP-REVIEW	/aplicatii/totogaming
app-unibet.md	APP-REVIEW	/aplicatii/unibet
app-vbet.md	APP-REVIEW	/aplicatii/vbet
app-winbet.md	APP-REVIEW	/aplicatii/winbet
app-winmasters.md	APP-REVIEW	/aplicatii/winmasters
hub-bonusuri.md	BONUS-MAIN-HUB	/bonusuri/
hub-bonusuri-12xbet.md	BONUS-BRAND-HUB	/bonusuri/12xbet/
hub-bonusuri-888sport.md	BONUS-BRAND-HUB	/bonusuri/888sport/
hub-bonusuri-betano.md	BONUS-BRAND-HUB	/bonusuri/betano/
hub-bonusuri-betfair.md	BONUS-BRAND-HUB	/bonusuri/betfair/
hub-bonus-de-bun-venit.md	CATEGORY-RATING-HYBRID	/bonusuri/bonus-de-bun-venit/
bonus-de-bun-venit-12xbet.md	BONUS-PAGE	/bonusuri/bonus-de-bun-venit/12xbet
bonus-de-bun-venit-888sport.md	BONUS-PAGE	/bonusuri/bonus-de-bun-venit/888sport
bonus-de-bun-venit-betano.md	BONUS-PAGE	/bonusuri/bonus-de-bun-venit/betano
bonus-de-bun-venit-betfair.md	BONUS-PAGE	/bonusuri/bonus-de-bun-venit/betfair
bonus-de-bun-venit-casa-pariurilor.md	BONUS-PAGE	/bonusuri/bonus-de-bun-venit/casa-pariurilor
bonus-de-bun-venit-don-ro.md	BONUS-PAGE	/bonusuri/bonus-de-bun-venit/don-ro
bonus-de-bun-venit-favbet.md	BONUS-PAGE	/bonusuri/bonus-de-bun-venit/favbet
bonus-de-bun-venit-fortuna.md	BONUS-PAGE	/bonusuri/bonus-de-bun-venit/fortuna
bonus-de-bun-venit-getsbet.md	BONUS-PAGE	/bonusuri/bonus-de-bun-venit/getsbet
bonus-de-bun-venit-maxbet.md	BONUS-PAGE	/bonusuri/bonus-de-bun-venit/maxbet
bonus-de-bun-venit-netbet.md	BONUS-PAGE	/bonusuri/bonus-de-bun-venit/netbet
bonus-de-bun-venit-pokerstars.md	BONUS-PAGE	/bonusuri/bonus-de-bun-venit/pokerstars
bonus-de-bun-venit-stanleybet.md	BONUS-PAGE	/bonusuri/bonus-de-bun-venit/stanleybet
bonus-de-bun-venit-superbet.md	BONUS-PAGE	/bonusuri/bonus-de-bun-venit/superbet
bonus-de-bun-venit-topbet.md	BONUS-PAGE	/bonusuri/bonus-de-bun-venit/topbet
bonus-de-bun-venit-totogaming.md	BONUS-PAGE	/bonusuri/bonus-de-bun-venit/totogaming
bonus-de-bun-venit-unibet.md	BONUS-PAGE	/bonusuri/bonus-de-bun-venit/unibet
bonus-de-bun-venit-vbet.md	BONUS-PAGE	/bonusuri/bonus-de-bun-venit/vbet
bonus-de-bun-venit-winbet.md	BONUS-PAGE	/bonusuri/bonus-de-bun-venit/winbet
bonus-de-bun-venit-winmasters.md	BONUS-PAGE	/bonusuri/bonus-de-bun-venit/winmasters
hub-bonus-fara-depunere.md	CATEGORY-RATING-HYBRID	/bonusuri/bonus-fara-depunere/
bonus-fara-depunere-12xbet.md	BONUS-PAGE	/bonusuri/bonus-fara-depunere/12xbet
bonus-fara-depunere-888sport.md	BONUS-PAGE	/bonusuri/bonus-fara-depunere/888sport
bonus-fara-depunere-betano.md	BONUS-PAGE	/bonusuri/bonus-fara-depunere/betano
bonus-fara-depunere-betfair.md	BONUS-PAGE	/bonusuri/bonus-fara-depunere/betfair
bonus-fara-depunere-casa-pariurilor.md	BONUS-PAGE	/bonusuri/bonus-fara-depunere/casa-pariurilor
bonus-fara-depunere-don-ro.md	BONUS-PAGE	/bonusuri/bonus-fara-depunere/don-ro
bonus-fara-depunere-favbet.md	BONUS-PAGE	/bonusuri/bonus-fara-depunere/favbet
bonus-fara-depunere-fortuna.md	BONUS-PAGE	/bonusuri/bonus-fara-depunere/fortuna
bonus-fara-depunere-getsbet.md	BONUS-PAGE	/bonusuri/bonus-fara-depunere/getsbet
bonus-fara-depunere-maxbet.md	BONUS-PAGE	/bonusuri/bonus-fara-depunere/maxbet
bonus-fara-depunere-netbet.md	BONUS-PAGE	/bonusuri/bonus-fara-depunere/netbet
bonus-fara-depunere-pokerstars.md	BONUS-PAGE	/bonusuri/bonus-fara-depunere/pokerstars
bonus-fara-depunere-stanleybet.md	BONUS-PAGE	/bonusuri/bonus-fara-depunere/stanleybet
bonus-fara-depunere-superbet.md	BONUS-PAGE	/bonusuri/bonus-fara-depunere/superbet
bonus-fara-depunere-topbet.md	BONUS-PAGE	/bonusuri/bonus-fara-depunere/topbet
bonus-fara-depunere-totogaming.md	BONUS-PAGE	/bonusuri/bonus-fara-depunere/totogaming
bonus-fara-depunere-unibet.md	BONUS-PAGE	/bonusuri/bonus-fara-depunere/unibet
bonus-fara-depunere-vbet.md	BONUS-PAGE	/bonusuri/bonus-fara-depunere/vbet
bonus-fara-depunere-winbet.md	BONUS-PAGE	/bonusuri/bonus-fara-depunere/winbet
bonus-fara-depunere-winmasters.md	BONUS-PAGE	/bonusuri/bonus-fara-depunere/winmasters
hub-bonusuri-casa-pariurilor.md	BONUS-BRAND-HUB	/bonusuri/casa-pariurilor/
hub-cashback.md	BONUS-CATEGORY-HUB	/bonusuri/cashback/
bonus-cashback-betano.md	BONUS-PAGE	/bonusuri/cashback/betano
bonus-cashback-casa-pariurilor.md	BONUS-PAGE	/bonusuri/cashback/casa-pariurilor
bonus-cashback-don-ro.md	BONUS-PAGE	/bonusuri/cashback/don-ro
bonus-cashback-vbet.md	BONUS-PAGE	/bonusuri/cashback/vbet
bonus-cashback-winbet.md	BONUS-PAGE	/bonusuri/cashback/winbet
bonus-cashback-winmasters.md	BONUS-PAGE	/bonusuri/cashback/winmasters
hub-cote-marite.md	BONUS-CATEGORY-HUB	/bonusuri/cote-marite/
bonus-cote-marite-betano.md	BONUS-PAGE	/bonusuri/cote-marite/betano
bonus-cote-marite-casa-pariurilor.md	BONUS-PAGE	/bonusuri/cote-marite/casa-pariurilor
bonus-cote-marite-fortuna.md	BONUS-PAGE	/bonusuri/cote-marite/fortuna
bonus-cote-marite-maxbet.md	BONUS-PAGE	/bonusuri/cote-marite/maxbet
hub-bonusuri-don-ro.md	BONUS-BRAND-HUB	/bonusuri/don-ro/
hub-bonusuri-favbet.md	BONUS-BRAND-HUB	/bonusuri/favbet/
hub-bonusuri-fortuna.md	BONUS-BRAND-HUB	/bonusuri/fortuna/
hub-bonusuri-getsbet.md	BONUS-BRAND-HUB	/bonusuri/getsbet/
hub-bonusuri-maxbet.md	BONUS-BRAND-HUB	/bonusuri/maxbet/
hub-bonusuri-netbet.md	BONUS-BRAND-HUB	/bonusuri/netbet/
hub-pariu-gratuit.md	BONUS-CATEGORY-HUB	/bonusuri/pariu-gratuit/
hub-pariu-sansa.md	BONUS-CATEGORY-HUB	/bonusuri/pariu-sansa/
hub-bonusuri-pokerstars.md	BONUS-BRAND-HUB	/bonusuri/pokerstars/
hub-bonusuri-stanleybet.md	BONUS-BRAND-HUB	/bonusuri/stanleybet/
hub-bonusuri-superbet.md	BONUS-BRAND-HUB	/bonusuri/superbet/
hub-bonusuri-topbet.md	BONUS-BRAND-HUB	/bonusuri/topbet/
hub-bonusuri-totogaming.md	BONUS-BRAND-HUB	/bonusuri/totogaming/
hub-bonusuri-unibet.md	BONUS-BRAND-HUB	/bonusuri/unibet/
hub-bonusuri-vbet.md	BONUS-BRAND-HUB	/bonusuri/vbet/
hub-bonusuri-winbet.md	BONUS-BRAND-HUB	/bonusuri/winbet/
hub-bonusuri-winmasters.md	BONUS-BRAND-HUB	/bonusuri/winmasters/
eat-contact.md	E-A-T	/contact
eat-despre-noi.md	E-A-T	/despre-noi
hub-ghiduri.md	GUIDE-HUB	/ghiduri/
guide-brand-12xbet-inregistrare.md	GUIDE-BRAND-PAGE	/ghiduri/brand/12xbet/inregistrare
guide-brand-12xbet-verificare-cont.md	GUIDE-BRAND-PAGE	/ghiduri/brand/12xbet/verificare-cont
guide-brand-888sport-inregistrare.md	GUIDE-BRAND-PAGE	/ghiduri/brand/888sport/inregistrare
guide-brand-888sport-verificare-cont.md	GUIDE-BRAND-PAGE	/ghiduri/brand/888sport/verificare-cont
guide-brand-betano-inregistrare.md	GUIDE-BRAND-PAGE	/ghiduri/brand/betano/inregistrare
guide-brand-betano-verificare-cont.md	GUIDE-BRAND-PAGE	/ghiduri/brand/betano/verificare-cont
guide-brand-betfair-inregistrare.md	GUIDE-BRAND-PAGE	/ghiduri/brand/betfair/inregistrare
guide-brand-betfair-verificare-cont.md	GUIDE-BRAND-PAGE	/ghiduri/brand/betfair/verificare-cont
guide-brand-casa-pariurilor-inregistrare.md	GUIDE-BRAND-PAGE	/ghiduri/brand/casa-pariurilor/inregistrare
guide-brand-casa-pariurilor-verificare-cont.md	GUIDE-BRAND-PAGE	/ghiduri/brand/casa-pariurilor/verificare-cont
guide-brand-don-ro-inregistrare.md	GUIDE-BRAND-PAGE	/ghiduri/brand/don-ro/inregistrare
guide-brand-don-ro-verificare-cont.md	GUIDE-BRAND-PAGE	/ghiduri/brand/don-ro/verificare-cont
guide-brand-favbet-inregistrare.md	GUIDE-BRAND-PAGE	/ghiduri/brand/favbet/inregistrare
guide-brand-favbet-verificare-cont.md	GUIDE-BRAND-PAGE	/ghiduri/brand/favbet/verificare-cont
guide-brand-fortuna-inregistrare.md	GUIDE-BRAND-PAGE	/ghiduri/brand/fortuna/inregistrare
guide-brand-fortuna-verificare-cont.md	GUIDE-BRAND-PAGE	/ghiduri/brand/fortuna/verificare-cont
guide-brand-getsbet-inregistrare.md	GUIDE-BRAND-PAGE	/ghiduri/brand/getsbet/inregistrare
guide-brand-getsbet-verificare-cont.md	GUIDE-BRAND-PAGE	/ghiduri/brand/getsbet/verificare-cont
guide-brand-maxbet-inregistrare.md	GUIDE-BRAND-PAGE	/ghiduri/brand/maxbet/inregistrare
guide-brand-maxbet-verificare-cont.md	GUIDE-BRAND-PAGE	/ghiduri/brand/maxbet/verificare-cont
guide-brand-netbet-inregistrare.md	GUIDE-BRAND-PAGE	/ghiduri/brand/netbet/inregistrare
guide-brand-netbet-verificare-cont.md	GUIDE-BRAND-PAGE	/ghiduri/brand/netbet/verificare-cont
guide-brand-pokerstars-inregistrare.md	GUIDE-BRAND-PAGE	/ghiduri/brand/pokerstars/inregistrare
guide-brand-pokerstars-verificare-cont.md	GUIDE-BRAND-PAGE	/ghiduri/brand/pokerstars/verificare-cont
guide-brand-stanleybet-inregistrare.md	GUIDE-BRAND-PAGE	/ghiduri/brand/stanleybet/inregistrare
guide-brand-stanleybet-verificare-cont.md	GUIDE-BRAND-PAGE	/ghiduri/brand/stanleybet/verificare-cont
guide-brand-superbet-inregistrare.md	GUIDE-BRAND-PAGE	/ghiduri/brand/superbet/inregistrare
guide-brand-superbet-verificare-cont.md	GUIDE-BRAND-PAGE	/ghiduri/brand/superbet/verificare-cont
guide-brand-topbet-inregistrare.md	GUIDE-BRAND-PAGE	/ghiduri/brand/topbet/inregistrare
guide-brand-topbet-verificare-cont.md	GUIDE-BRAND-PAGE	/ghiduri/brand/topbet/verificare-cont
guide-brand-totogaming-inregistrare.md	GUIDE-BRAND-PAGE	/ghiduri/brand/totogaming/inregistrare
guide-brand-totogaming-verificare-cont.md	GUIDE-BRAND-PAGE	/ghiduri/brand/totogaming/verificare-cont
guide-brand-unibet-inregistrare.md	GUIDE-BRAND-PAGE	/ghiduri/brand/unibet/inregistrare
guide-brand-unibet-verificare-cont.md	GUIDE-BRAND-PAGE	/ghiduri/brand/unibet/verificare-cont
guide-brand-vbet-inregistrare.md	GUIDE-BRAND-PAGE	/ghiduri/brand/vbet/inregistrare
guide-brand-vbet-verificare-cont.md	GUIDE-BRAND-PAGE	/ghiduri/brand/vbet/verificare-cont
guide-brand-winbet-inregistrare.md	GUIDE-BRAND-PAGE	/ghiduri/brand/winbet/inregistrare
guide-brand-winbet-verificare-cont.md	GUIDE-BRAND-PAGE	/ghiduri/brand/winbet/verificare-cont
guide-brand-winmasters-inregistrare.md	GUIDE-BRAND-PAGE	/ghiduri/brand/winmasters/inregistrare
guide-brand-winmasters-verificare-cont.md	GUIDE-BRAND-PAGE	/ghiduri/brand/winmasters/verificare-cont
guide-bankroll.md	GUIDE-PAGE	/ghiduri/gestionarea-banilor/bankroll-management
guide-cota.md	GUIDE-PAGE	/ghiduri/notiuni-de-baza/ce-este-o-cota
guide-live-betting.md	GUIDE-PAGE	/ghiduri/notiuni-de-baza/ce-sunt-pariurile-live
guide-rulaj.md	GUIDE-PAGE	/ghiduri/notiuni-de-baza/rulaj-bonus
guide-value-betting.md	GUIDE-PAGE	/ghiduri/strategii/ce-este-value-betting
guide-kelly-criterion.md	GUIDE-PAGE	/ghiduri/strategii/criteriul-kelly-la-pariuri
guide-martingale.md	GUIDE-PAGE	/ghiduri/strategii/strategia-martingale-la-pariuri
guide-cash-out.md	GUIDE-PAGE	/ghiduri/tipuri-de-pariuri/ce-este-cash-out-la-pariuri
guide-handicap-asiatic.md	GUIDE-PAGE	/ghiduri/tipuri-de-pariuri/ce-este-handicapul-asiatic
guide-handicap.md	GUIDE-PAGE	/ghiduri/tipuri-de-pariuri/ce-este-handicapul-la-pariuri
guide-pariu-sansa.md	GUIDE-PAGE	/ghiduri/tipuri-de-pariuri/ce-este-pariul-sansa
guide-btts.md	GUIDE-PAGE	/ghiduri/tipuri-de-pariuri/ce-inseamna-btts-la-pariuri
guide-dnb.md	GUIDE-PAGE	/ghiduri/tipuri-de-pariuri/ce-inseamna-dnb-la-pariuri
guide-over-under.md	GUIDE-PAGE	/ghiduri/tipuri-de-pariuri/ce-sunt-pariurile-over-under-sub-peste
guide-1x2.md	GUIDE-PAGE	/ghiduri/tipuri-de-pariuri/pariuri-1x2
eat-joc-responsabil.md	E-A-T	/joc-responsabil
legal-case-de-pariuri-licentiate.md	REGULATORY-PAGE	/legal/case-de-pariuri-licentiate
legal-impozit-pariuri.md	REGULATORY-PAGE	/legal/impozit-pariuri
legal-onjn.md	REGULATORY-PAGE	/legal/onjn
hub-metode-de-plata.md	PAYMENT-HUB	/metode-de-plata/
payment-aircash.md	PAYMENT-METHOD	/metode-de-plata/aircash
payment-apple-pay.md	PAYMENT-METHOD	/metode-de-plata/apple-pay
payment-carduri-bancare.md	PAYMENT-METHOD	/metode-de-plata/carduri-bancare
payment-neteller.md	PAYMENT-METHOD	/metode-de-plata/neteller
payment-okto-cash.md	PAYMENT-METHOD	/metode-de-plata/okto-cash
payment-paysafecard.md	PAYMENT-METHOD	/metode-de-plata/paysafecard
payment-revolut.md	PAYMENT-METHOD	/metode-de-plata/revolut
payment-skrill.md	PAYMENT-METHOD	/metode-de-plata/skrill
payment-transfer-bancar.md	PAYMENT-METHOD	/metode-de-plata/transfer-bancar
eat-metodologie.md	E-A-T	/metodologie
hub-pareri-jucatori.md	PLAYER-REVIEWS-HUB	/pareri-jucatori/
eat-politica-de-confidentialitate.md	E-A-T	/politica-de-confidentialitate
review-12xbet.md	REVIEW	/recenzii/12xbet
review-888sport.md	REVIEW	/recenzii/888sport
review-betano.md	REVIEW	/recenzii/betano
review-betfair.md	REVIEW	/recenzii/betfair
review-casa-pariurilor.md	REVIEW	/recenzii/casa-pariurilor
review-don-ro.md	REVIEW	/recenzii/don-ro
review-favbet.md	REVIEW	/recenzii/favbet
review-fortuna.md	REVIEW	/recenzii/fortuna
review-getsbet.md	REVIEW	/recenzii/getsbet
review-maxbet.md	REVIEW	/recenzii/maxbet
review-netbet.md	REVIEW	/recenzii/netbet
review-pokerstars.md	REVIEW	/recenzii/pokerstars
review-stanleybet.md	REVIEW	/recenzii/stanleybet
review-superbet.md	REVIEW	/recenzii/superbet
review-topbet.md	REVIEW	/recenzii/topbet
review-totogaming.md	REVIEW	/recenzii/totogaming
review-unibet.md	REVIEW	/recenzii/unibet
review-vbet.md	REVIEW	/recenzii/vbet
review-winbet.md	REVIEW	/recenzii/winbet
review-winmasters.md	REVIEW	/recenzii/winmasters
sport-baschet.md	SPORT-CATEGORY	/sport/baschet
sport-box.md	SPORT-CATEGORY	/sport/box
sport-esport.md	SPORT-CATEGORY	/sport/esport
sport-formula-1.md	SPORT-CATEGORY	/sport/formula-1
sport-fotbal.md	SPORT-CATEGORY	/sport/fotbal
sport-tenis.md	SPORT-CATEGORY	/sport/tenis
eat-termeni-si-conditii.md	E-A-T	/termeni-si-conditii
rating-aplicatii-pariuri.md	RATING	/top-aplicatii-pariuri/
rating-bonusuri.md	RATING	/top-bonusuri/
rating-bonus-pariuri-multiple.md	FEATURE-RATING	/top-case-de-pariuri-bonus-pariuri-multiple/
rating-cash-out.md	FEATURE-RATING	/top-case-de-pariuri-cash-out/
rating-cote-marite.md	FEATURE-RATING	/top-case-de-pariuri-cote-marite/
rating-live.md	FEATURE-RATING	/top-case-de-pariuri-live/
rating-case-de-pariuri-noi.md	RATING	/top-case-de-pariuri-noi/
rating-case-de-pariuri.md	RATING	/top-case-de-pariuri/
rating-plati-rapide.md	RATING	/top-plati-rapide/
