Domain,Is spam,DR,Dofollow ref. domains,Dofollow linked domains,"Traffic ","Keywords ",Links to target,New links,Lost links,Dofollow links,First seen,Lost
itxoft.com,true,83,2535,7,0,0,1,0,1,0,2025-02-26 22:39:47,2026-04-22 08:41:11
uba.ar,false,81,28037,18902,490932,48358,1,0,0,0,2026-03-04 03:22:00,
adevarul.ro,false,77,13737,2590,702506,50885,2,0,0,2,2025-11-01 18:31:25,
hotnews.ro,false,76,10741,27575,666020,23218,1,0,0,1,2024-06-27 10:41:39,
stirileprotv.ro,false,75,9906,18723,1642344,49338,1,0,0,1,2024-11-18 16:56:27,
rankyour.website,true,74,150,998,0,0,1,0,0,0,2025-12-22 07:37:21,
mediafax.ro,false,74,7466,13558,581395,14356,1,0,0,1,2025-03-07 10:18:42,
ziare.com,false,73,6915,24152,521003,16805,1,0,0,1,2025-07-01 09:03:17,
tvr.ro,false,73,4512,1839,63998,3227,4,0,0,4,2024-12-31 23:17:24,
seoexpress.org,true,73,1345,7,0,0,1,1,1,0,2026-03-30 15:28:49,2026-04-06 21:55:46
buybacklinks.agency,true,72,418,998,0,0,1,1,0,0,2026-05-01 15:09:10,
evz.ro,false,71,5907,16923,185808,9480,1,0,0,1,2024-06-27 18:44:28,
capital.ro,false,71,3971,13870,43194,2532,1,0,0,1,2025-06-24 04:28:36,
gandul.ro,false,71,5716,11635,215817,8725,1,0,0,1,2024-11-17 16:24:47,
jurnalul.ro,false,70,5098,10618,103043,11808,1,0,0,1,2024-12-16 10:34:57,
observatornews.ro,false,70,4357,7190,94957,11385,1,0,0,1,2024-10-11 05:53:20,
stiripesurse.ro,false,69,3935,7792,795357,4814,1,0,0,1,2025-10-10 18:11:33,
cotidianul.ro,false,66,3088,6963,42937,1029,1,0,0,1,2024-12-25 07:51:09,
prosport.ro,false,66,5108,7026,839180,11051,1,0,0,1,2024-08-28 11:33:58,
rank-top.click,true,63,127,998,0,0,1,0,0,0,2026-03-24 08:32:48,
sport.ro,false,62,3375,4455,1219752,12818,1,0,0,1,2025-03-26 23:46:41,
spotmedia.ro,false,61,3513,12017,228291,6999,1,0,0,1,2025-02-03 18:46:10,
tvrinfo.ro,false,61,2173,1693,53527,4483,1,0,0,1,2025-05-17 23:25:45,
newsweek.ro,false,60,3025,7103,106997,6296,1,0,0,1,2024-11-25 16:24:12,
gds.ro,false,59,2191,5765,34091,1491,1,0,0,1,2024-08-28 18:19:10,
ziuaconstanta.ro,false,58,2179,6072,17014,2298,2,0,0,2,2024-08-28 09:05:10,
money.ro,false,56,2230,8789,9679,1279,1,0,0,1,2024-06-26 14:12:13,
business24.ro,false,56,1138,7600,1490,465,1,0,0,1,2024-06-20 19:39:31,
linkrankpro.shop,true,54,144,998,0,0,1,1,0,0,2026-05-05 01:21:37,
ziarulevenimentul.ro,false,54,1204,6955,13707,275,1,0,0,1,2025-07-02 02:52:24,
rankxlinks.shop,true,54,108,998,0,0,1,1,0,0,2026-05-05 05:10:09,
ranklinkerpro.shop,true,54,105,2,0,0,1,1,0,0,2026-06-04 21:29:40,
seorankflow.shop,true,54,98,2,0,0,1,1,0,0,2026-05-29 21:46:52,
buyseobacklinks.shop,true,54,96,998,0,0,1,1,0,0,2026-05-28 00:10:12,
authoritybacklinks.shop,true,53,119,998,0,0,1,1,0,0,2026-05-10 19:48:21,
as.ro,false,53,1562,2941,110856,7142,1,0,0,1,2024-10-22 15:39:31,
backlinker.shop,true,52,590,0,0,0,1,0,0,0,2025-09-24 17:42:18,
pbnseolinks.shop,true,52,233,998,0,0,1,1,0,0,2026-05-08 10:54:30,
linkrankboost.shop,true,52,137,999,0,0,1,1,0,0,2026-05-13 10:50:58,
linkseopro.shop,true,52,202,998,0,0,1,1,0,0,2026-05-10 02:01:12,
seolinkpro.shop,true,52,122,998,0,0,1,1,0,0,2026-05-08 11:24:12,
premiumseolinks.shop,true,52,124,998,0,0,1,1,0,0,2026-05-08 04:30:59,
ranklinkpro.shop,true,52,122,998,0,0,1,1,0,0,2026-05-04 13:16:02,
ranklinkx.shop,true,52,112,998,0,0,1,1,0,0,2026-05-08 01:59:04,
toplinkranker.shop,true,52,118,998,0,0,1,1,0,0,2026-05-10 08:19:25,
linkrankseo.shop,true,52,99,998,0,0,1,1,0,0,2026-05-02 20:29:32,
golazo.ro,false,51,1960,3102,221592,4866,1,0,0,1,2025-07-09 04:36:46,
bistriteanul.ro,false,50,766,1829,7161,187,1,0,0,1,2024-10-07 05:15:39,
sante.gov.mg,false,50,3700,16373,107,103,3,0,0,0,2025-12-14 00:33:47,
exlinko.net,true,50,1849,0,0,0,1,0,1,0,2025-02-23 11:29:59,2026-03-29 01:42:10
drparvincarter.com,true,50,804,17648,21,3,2,0,0,0,2025-09-04 18:17:05,
bye.fyi,false,49,818,18,3,2,1,0,1,0,2026-01-07 14:41:56,2026-04-06 00:44:05
trafficspike.shop,true,48,65,0,0,0,1,1,0,0,2026-06-15 19:55:46,
ziuanews.ro,false,47,1012,1858,12016,54,1,0,0,1,2025-05-19 19:37:46,
openflightmaps.org,false,47,850,27,10,9,1,0,0,0,2025-09-20 05:03:31,
creativeposts.top,true,44,148,18,0,0,2,0,0,0,2026-01-08 15:10:56,
rikor.com,true,43,4241,102228,620,54,3,1,1,0,2025-09-19 19:44:19,
atomizelink.icu,true,42,523,18,0,0,1,0,0,0,2026-02-03 13:36:56,
chaboclubedobrasil.com.br,true,42,2481,2,0,0,1,0,1,0,2026-01-13 00:40:24,2026-04-30 17:36:48
kupangkota.go.id,true,42,4350,59780,8257,670,2,0,0,0,2025-08-28 03:45:01,
bugetul.ro,false,42,957,2875,6676,491,1,0,0,1,2024-06-26 23:34:17,
blogsphere.top,true,41,78,18,0,0,1,0,0,0,2025-12-23 17:50:13,
metamagic.top,true,41,111,18,0,0,1,0,0,0,2026-02-27 03:58:18,
orangesport.ro,false,41,947,1248,62685,1719,1,0,0,1,2024-10-09 17:27:23,
heroes.app,false,41,4629,11514,7,3,1,1,0,0,2026-05-01 17:02:33,
byteshort.xyz,true,41,168,18,0,0,1,1,0,0,2026-03-29 07:49:51,
screenshots.wiki,true,41,134,47,0,0,2,1,1,0,2026-02-19 14:26:22,
primasport.ro,false,40,610,1386,98814,2833,1,0,0,1,2024-06-26 19:55:49,
timponline.ro,false,40,676,2013,14697,190,1,0,0,1,2024-12-07 20:18:55,
comunic.ro,false,39,324,1289,85,34,1,0,0,1,2025-10-28 16:48:43,
jake.eu,true,39,155,1275,0,0,1,0,0,0,2026-03-20 15:14:34,
1616.ro,false,38,828,2276,464,70,1,0,0,1,2024-06-27 02:22:13,
pandurul.ro,false,38,629,1344,24483,194,3,0,0,3,2024-12-19 21:54:37,
mesagerulneamt.ro,false,38,555,1892,15002,184,1,0,0,1,2025-06-25 03:00:52,
jurnaluldearges.ro,false,37,560,1893,15732,346,1,0,0,1,2024-11-25 15:52:05,
prolinkbox.com,true,36,532,0,0,0,1,0,1,0,2025-07-24 20:58:37,2026-03-29 09:54:56
doctorsacademy.org.uk,true,36,1087,16224,80,53,1,1,0,0,2026-03-29 02:52:25,
haus-xxl.de,true,35,2376,53294,389,313,2,0,0,0,2025-09-29 05:28:13,
ctnews.ro,false,33,380,504,919,223,1,0,0,1,2024-08-30 20:03:33,
sptfm.ro,false,32,617,207,1158,164,1,0,0,1,2025-05-20 11:29:44,
radioimpuls.ro,false,32,822,1321,118453,5072,1,0,0,1,2024-09-24 15:21:18,
processus.edu.br,false,31,1376,6104,4837,656,1,0,1,0,2025-10-08 21:23:44,2026-04-21 08:39:56
onlinegroup.no,true,31,3218,11869,0,0,1,0,0,0,2025-10-23 18:03:50,
practicar.ca,true,30,496,10912,442,46,2,0,2,0,2025-08-29 23:25:34,2026-04-11 02:46:09
seo-high-ranking.shop,true,30,1343,237,0,0,1,1,0,0,2026-04-19 00:11:14,
scmoatti.com,false,30,1629,1246,44,16,1,1,0,0,2026-06-21 06:44:48,
brasov.net,false,30,541,767,2413,563,1,0,0,1,2024-08-28 12:20:54,
bzc.ro,false,30,411,1733,313,42,1,0,0,1,2024-08-27 17:03:32,
thebacklink.shop,true,29,865,240,0,0,1,1,0,0,2026-04-16 09:29:38,
seoexpress.website,true,29,889,247,0,0,1,1,0,0,2026-05-02 08:42:22,
seoexpress.site,true,29,875,240,0,0,1,1,0,0,2026-05-10 00:34:46,
123webshop.shop,true,29,872,237,0,0,1,1,0,0,2026-05-02 00:50:31,
theseohighranking.shop,true,29,872,237,0,0,1,1,0,0,2026-04-27 23:00:23,
thetoprankingseo.shop,true,29,859,240,0,0,1,1,0,0,2026-05-01 21:13:45,
seohighranking.shop,true,29,860,237,0,0,1,1,0,0,2026-05-22 16:54:17,
highseoranking.shop,true,29,877,237,0,0,1,1,0,0,2026-04-29 13:12:07,
therankboostseo.shop,true,29,876,247,0,0,1,1,0,0,2026-05-02 17:12:22,
rankinghighseo.shop,true,29,939,237,0,0,2,2,0,0,2026-05-04 22:35:51,
theseomasterhigh.shop,true,29,860,237,0,0,1,1,0,0,2026-04-30 09:08:23,
activeshop.shop,true,29,969,240,0,0,1,1,0,0,2026-04-20 06:30:40,
seoexpress.store,true,29,870,237,0,0,1,1,0,0,2026-04-30 10:47:33,
thehighseo.shop,true,29,878,237,0,0,1,1,0,0,2026-05-07 04:17:20,
therankinghighseo.shop,true,29,877,240,0,0,1,1,0,0,2026-04-16 20:15:10,
theguestposts.shop,true,29,874,237,0,0,1,1,0,0,2026-05-05 00:25:47,
kawaiishop.shop,true,29,875,237,0,0,1,1,0,0,2026-05-09 11:07:40,
theguestpost.shop,true,29,873,250,0,0,1,1,0,0,2026-05-22 13:35:54,
theseorankinghigh.shop,true,29,871,237,0,0,1,1,0,0,2026-05-02 15:59:17,
mysky-shop.shop,true,29,871,237,0,0,1,1,0,0,2026-04-21 15:48:56,
ekenkoshop.shop,true,29,875,240,0,0,1,1,0,0,2026-05-03 21:07:20,
seoexpress.space,true,29,865,237,0,0,1,1,0,0,2026-05-02 10:10:59,
thebacklinks.shop,true,29,869,247,0,0,1,1,0,0,2026-04-16 15:04:25,
lixil-reformshop.shop,true,29,864,237,0,0,1,1,0,0,2026-05-02 05:25:52,
shopbetreiber-blog.shop,true,29,874,241,0,0,1,1,0,0,2026-05-15 04:31:15,
seorankinghigh.shop,true,29,864,237,0,0,1,1,0,0,2026-06-03 07:42:24,
seoexpress.shop,true,29,865,248,0,0,1,1,0,0,2026-04-24 23:25:19,
rankingseohigh.shop,true,29,865,237,0,0,1,1,0,0,2026-04-27 03:27:10,
highseo.shop,true,29,920,240,0,0,1,1,0,0,2026-05-01 05:44:19,
therankingseohigh.shop,true,29,874,237,0,0,1,1,0,0,2026-05-22 07:03:24,
simplywebshop.shop,true,29,875,237,0,0,1,1,0,0,2026-04-16 23:03:57,
rent-a-shop.shop,true,29,869,240,0,0,1,1,0,0,2026-05-09 18:37:25,
thehighrankseo.shop,true,29,865,247,0,0,1,1,0,0,2026-05-03 10:21:15,
seoagency.sale,true,29,429,0,0,0,1,0,0,0,2025-12-13 20:53:52,
shop-inframe.shop,true,29,863,237,0,0,1,1,0,0,2026-05-12 02:55:57,
kmoshops.shop,true,29,867,237,0,0,1,1,0,0,2026-05-09 22:39:57,
seoexpress.online,true,29,869,237,0,0,1,1,0,0,2026-05-03 07:11:35,
seogeko.shop,true,29,588,0,0,0,2,2,0,0,2026-04-23 15:26:56,
advanced-seo-firm-seoexpress.store,true,29,306,237,0,0,1,1,0,0,2026-05-21 15:53:31,
seoexpress-leading-dofollow-pros.store,true,29,280,237,0,0,1,1,0,0,2026-05-21 01:03:27,
global-digital-seoexpress-portal.store,true,29,288,240,0,0,1,1,0,0,2026-05-23 23:58:21,
luxury-niche-edit-seoexpress-services.store,true,29,281,240,0,0,1,1,0,0,2026-05-30 18:18:54,
expert-organic-seoexpress.store,true,29,282,240,0,0,1,1,0,0,2026-05-22 08:03:37,
verified-seoexpress-search-directory.store,true,29,277,240,0,0,1,1,0,0,2026-05-30 06:40:37,
modern-guest-post-consultants-seoexpress.store,true,29,279,237,0,0,1,1,0,0,2026-05-31 03:42:10,
advanced-search-seoexpress-pros.store,true,29,287,240,0,0,1,1,0,0,2026-05-21 15:17:04,
exclusive-traffic-experts-seoexpress.store,true,29,275,237,0,0,1,1,0,0,2026-05-20 15:04:48,
seoexpress-professional-white-hat-team.store,true,29,281,240,0,0,1,1,0,0,2026-05-31 08:42:53,
authentic-tier-1-partners-seoexpress.store,true,29,277,237,0,0,1,1,0,0,2026-06-03 19:22:53,
modern-authority-seoexpress.store,true,29,278,240,0,0,1,1,0,0,2026-05-22 14:10:18,
epic-link-baron-hub.store,true,29,276,237,0,0,1,1,0,0,2026-06-15 14:07:43,
expert-search-seoexpress-team.store,true,29,274,240,0,0,1,1,0,0,2026-05-30 08:03:27,
first-class-seoexpress-keyword-exchange.store,true,29,273,237,0,0,1,1,0,0,2026-05-31 09:30:40,
master-digital-studio-seoexpress.store,true,29,281,240,0,0,1,1,0,0,2026-06-01 01:54:45,
authentic-seoexpress-keyword-firm.store,true,29,275,237,0,0,1,1,0,0,2026-05-23 06:23:30,
trusted-organic-seoexpress-house.store,true,29,272,240,0,0,1,1,0,0,2026-05-30 23:22:24,
seoexpress-superior-on-page-house.store,true,29,277,237,0,0,1,1,0,0,2026-05-30 20:08:28,
trusted-dofollow-team-seoexpress.store,true,29,275,240,0,0,1,1,0,0,2026-05-18 23:29:56,
exclusive-keyword-team-seoexpress.store,true,29,274,237,0,0,1,1,0,0,2026-05-31 01:23:38,
certified-seoexpress-organic-services.store,true,29,279,240,0,0,1,1,0,0,2026-05-30 22:18:41,
seoexpress-verified-website-system.store,true,29,273,237,0,0,1,1,0,0,2026-06-08 13:02:02,
prime-high-da-seoexpress.store,true,29,273,237,0,0,1,1,0,0,2026-05-30 20:59:18,
master-seoexpress-content-consultants.store,true,29,272,237,0,0,1,1,0,0,2026-05-20 20:54:50,
professional-seoexpress-marketing-studio.store,true,29,275,240,0,0,1,1,0,0,2026-06-03 21:58:32,
modern-link-baron-marketing-portal.store,true,29,270,237,0,0,1,1,0,0,2026-06-25 20:52:24,
expert-seoexpress-authority-directory.store,true,29,276,237,0,0,1,1,0,0,2026-06-01 07:26:57,
smart-marketing-seoexpress.store,true,29,278,237,0,0,1,1,0,0,2026-05-22 17:07:52,
seoexpress-dr-90-group.store,true,29,275,237,0,0,1,1,0,0,2026-05-31 21:00:00,
master-seoexpress-guest-post-partners.store,true,29,275,240,0,0,1,1,0,0,2026-05-31 15:30:11,
official-seoexpress-white-hat-team.store,true,29,277,240,0,0,1,1,0,0,2026-05-22 12:28:21,
exclusive-webpage-center-seoexpress.store,true,29,281,237,0,0,1,1,0,0,2026-05-20 21:58:35,
modern-organic-group-seoexpress.store,true,29,273,240,0,0,1,1,0,0,2026-05-22 09:48:38,
master-rank-forge-pbn-league.store,true,29,270,237,0,0,1,1,0,0,2026-06-19 03:57:42,
seoexpress-digital-system.store,true,29,271,237,0,0,1,1,0,0,2026-05-30 22:03:03,
dr-90-rank-forge-department.store,true,29,273,237,0,0,1,1,0,0,2026-06-18 07:12:04,
agile-footer-link-system-link-baron.store,true,29,266,240,0,0,1,1,0,0,2026-06-18 23:07:36,
outrank-hq-legendary-white-hat.store,true,29,260,237,0,0,1,1,0,0,2026-06-21 14:58:36,
link-baron-da-pa-luxury-directory.store,true,29,267,237,0,0,1,1,0,0,2026-06-15 19:20:17,
link-baron-pro-press-release.store,true,29,267,237,0,0,1,1,0,0,2026-06-23 23:01:24,
outrank-hq-engine-dofollow.store,true,29,256,237,0,0,1,1,0,0,2026-06-27 00:01:06,
paramount-collective-outrank-hq-dr-90.store,true,29,258,237,0,0,1,1,0,0,2026-06-17 23:36:05,
link-baron-optimal-organic-collective.store,true,29,259,237,0,0,1,1,0,0,2026-06-16 21:39:38,
elite-domain-seoexpress-consultants.store,true,29,284,240,0,0,1,1,0,0,2026-06-05 00:40:12,
master-seoexpress-search-agency.store,true,29,276,237,0,0,1,1,0,0,2026-05-22 14:00:40,
best-seoexpress-off-page-network.store,true,29,278,237,0,0,1,1,0,0,2026-05-30 17:39:32,
official-anchor-text-seoexpress-system.store,true,29,278,240,0,0,1,1,0,0,2026-05-23 06:25:00,
supreme-anchor-text-provider-seoexpress.store,true,29,280,237,0,0,1,1,0,0,2026-06-02 23:43:18,
seoexpress-best-seo-firm.store,true,29,281,240,0,0,1,1,0,0,2026-06-05 16:28:57,
global-keyword-seoexpress.store,true,29,284,240,0,0,1,1,0,0,2026-05-31 20:52:53,
elite-high-da-center-seoexpress.store,true,29,281,237,0,0,1,1,0,0,2026-06-09 16:40:58,
ultimate-seoexpress-niche-edit-experts.store,true,29,277,240,0,0,1,1,0,0,2026-05-16 02:46:14,
trusted-off-page-pros-seoexpress.store,true,29,284,237,0,0,1,1,0,0,2026-05-23 11:42:45,
seoexpress-authority-portal.store,true,29,270,237,0,0,1,1,0,0,2026-05-22 23:51:39,
elite-outreach-seoexpress-pros.store,true,29,269,240,0,0,1,1,0,0,2026-05-23 17:48:23,
elite-seoexpress-link-building-team.store,true,29,280,240,0,0,1,1,0,0,2026-05-30 08:35:17,
premium-tier-1-company-seoexpress.store,true,29,279,240,0,0,1,1,0,0,2026-05-19 13:52:39,
powerful-link-building-hub-seoexpress.store,true,29,270,237,0,0,1,1,0,0,2026-05-22 08:47:30,
professional-seoexpress-high-da-partners.store,true,29,283,237,0,0,1,1,0,0,2026-06-03 04:43:26,
seoexpress-off-page-solutions.store,true,29,275,237,0,0,1,1,0,0,2026-05-22 01:08:44,
instant-webpage-seoexpress-consultants.store,true,29,281,237,0,0,1,1,0,0,2026-05-31 03:35:28,
smart-seoexpress-webpage-experts.store,true,29,273,237,0,0,1,1,0,0,2026-05-30 07:01:44,
global-authority-seoexpress-group.store,true,29,281,237,0,0,1,1,0,0,2026-06-01 00:50:54,
seoexpress-pbn-company.store,true,29,273,237,0,0,1,1,0,0,2026-05-21 00:44:44,
certified-rank-forge-anchor-text-lab.store,true,29,267,237,0,0,1,1,0,0,2026-06-15 20:34:26,
trusted-seoexpress-backlink-experts.store,true,29,267,237,0,0,1,1,0,0,2026-05-23 11:48:07,
high-seoexpress-organic-team.store,true,29,267,237,0,0,1,1,0,0,2026-05-23 00:58:53,
seoexpress-best-outreach-experts.store,true,29,279,240,0,0,1,1,0,0,2026-06-07 09:38:03,
prime-white-hat-seoexpress-network.store,true,29,277,240,0,0,1,1,0,0,2026-06-03 10:05:50,
exclusive-backlink-seoexpress-firm.store,true,29,276,237,0,0,1,1,0,0,2026-06-06 19:51:29,
certified-link-building-seoexpress.store,true,29,282,237,0,0,1,1,0,0,2026-05-16 17:44:38,
seoexpress-organic-partners.store,true,29,278,240,0,0,1,1,0,0,2026-05-21 21:36:13,
seoexpress-marketing-exchange.store,true,29,271,240,0,0,1,1,0,0,2026-05-22 01:26:54,
elite-authority-marketplace-seoexpress.store,true,29,272,240,0,0,1,1,0,0,2026-05-22 00:17:12,
link-baron-grand-cluster-works.store,true,29,269,237,0,0,1,1,0,0,2026-06-24 02:41:47,
advanced-link-building-group-seoexpress.store,true,29,282,240,0,0,1,1,0,0,2026-05-31 22:00:45,
global-guest-post-seoexpress-group.store,true,29,273,237,0,0,1,1,0,0,2026-05-30 19:14:46,
seoexpress-keyword-network.store,true,29,277,237,0,0,1,1,0,0,2026-05-31 02:27:15,
seoexpress-website-experts.store,true,29,277,237,0,0,1,1,0,0,2026-05-31 14:24:43,
premium-seoexpress-outreach-provider.store,true,29,275,240,0,0,1,1,0,0,2026-05-22 02:24:24,
seoexpress-outreach-team.store,true,29,279,237,0,0,1,1,0,0,2026-06-03 17:32:16,
seoexpress-anchor-text-experts.store,true,29,278,240,0,0,1,1,0,0,2026-05-22 15:24:14,
epic-syndicate-link-baron-keyword.store,true,29,270,237,0,0,1,1,0,0,2026-06-16 12:41:17,
seoexpress-niche-edit-group.store,true,29,273,237,0,0,1,1,0,0,2026-05-19 17:52:06,
apex-outrank-hq-organic-platform.store,true,29,265,237,0,0,1,1,0,0,2026-06-16 20:56:25,
seoexpress-ranking-hub.store,true,29,278,237,0,0,1,1,0,0,2026-05-22 20:50:14,
link-baron-link-juice-optimal-marketplace.store,true,29,273,237,0,0,1,1,0,0,2026-06-17 14:51:41,
high-outrank-hq-dofollow-platform.store,true,29,262,240,0,0,1,1,0,0,2026-06-23 18:50:51,
luxury-outrank-hq-crew.store,true,29,259,237,0,0,1,1,0,0,2026-06-27 13:18:09,
link-baron-innovative-press-release-house.store,true,29,254,240,0,0,1,1,0,0,2026-06-14 18:57:02,
verified-digital-firm-seoexpress.store,true,29,256,237,0,0,1,1,0,0,2026-06-07 02:29:19,
ctr-agency-rank-forge.store,true,29,252,237,0,0,1,1,0,0,2026-06-23 15:02:44,
epic-webpage-rank-forge-academy.store,true,29,268,237,0,0,1,1,0,0,2026-06-21 02:00:18,
grand-rank-forge-topical-desk.store,true,29,256,237,0,0,1,1,0,0,2026-06-14 19:04:43,
high-backlink-outrank-hq.store,true,29,256,237,0,0,1,1,0,0,2026-06-15 04:28:02,
official-on-page-link-baron-division.store,true,29,255,237,0,0,1,1,0,0,2026-06-22 19:09:34,
optimal-website-outrank-hq.store,true,29,250,237,0,0,1,1,0,0,2026-06-15 17:22:08,
outrank-hq-anchor-text-center.store,true,29,249,237,0,0,1,1,0,0,2026-06-27 05:27:02,
smart-indexer-seoexpress.store,true,28,275,240,0,0,1,1,0,0,2026-05-21 10:33:22,
premium-seoexpress-digital-solutions.store,true,28,276,237,0,0,1,1,0,0,2026-05-20 00:17:19,
seoexpress-content-experts.store,true,28,282,240,0,0,1,1,0,0,2026-06-06 04:17:25,
seoexpress-verified-high-da-consultants.store,true,28,280,237,0,0,1,1,0,0,2026-05-22 09:57:21,
exclusive-link-baron-search-syndicate.store,true,28,271,237,0,0,1,1,0,0,2026-06-17 12:45:11,
best-keyword-seoexpress-portal.store,true,28,272,240,0,0,1,1,0,0,2026-06-02 11:48:13,
official-domain-seoexpress.store,true,28,278,237,0,0,1,1,0,0,2026-05-21 10:52:57,
luxury-seoexpress-tier-1-house.store,true,28,276,240,0,0,1,1,0,0,2026-05-22 00:11:41,
outrank-hq-prime-blogger.store,true,28,263,237,0,0,1,1,0,0,2026-06-14 17:13:12,
advanced-keyword-group-seoexpress.store,true,28,273,240,0,0,1,1,0,0,2026-06-12 07:54:41,
golden-link-building-rank-forge.store,true,28,266,237,0,0,1,1,0,0,2026-06-15 06:29:39,
global-seo-group-seoexpress.store,true,28,276,237,0,0,1,1,0,0,2026-05-21 23:27:11,
grand-link-baron-league.store,true,28,269,237,0,0,1,1,0,0,2026-06-16 21:13:15,
outrank-hq-master-anchor-text.store,true,28,266,237,0,0,1,1,0,0,2026-06-27 17:09:24,
seoexpress-backlink-hub.store,true,28,268,240,0,0,1,1,0,0,2026-05-23 05:09:50,
brilliant-edu-link-firm-outrank-hq.store,true,28,260,240,0,0,1,1,0,0,2026-06-23 14:22:46,
advanced-ranking-seoexpress-specialists.store,true,28,293,237,0,0,1,1,0,0,2026-05-21 01:09:55,
linkbox.agency,true,28,756,0,0,0,1,0,1,0,2025-01-05 08:11:35,2026-03-29 03:42:51
atlantic-city.net,true,28,3375,36747,0,0,4,0,0,0,2025-09-14 18:24:40,
pentiumsilicon.com,true,28,326,7,0,0,1,0,1,0,2025-10-26 03:43:42,2026-04-21 00:02:02
digicontechnologies.com,true,27,879,2175,294,61,2,0,2,0,2025-10-03 08:06:03,2026-05-30 16:18:51
techno.bg,false,27,1121,6548,27,9,1,0,1,0,2025-12-10 07:13:36,2026-04-04 15:15:32
ziarulclujean.ro,false,27,359,1575,994,181,1,1,0,1,2026-04-18 23:46:11,
sporttim.ro,true,27,145,1498,5121,132,1,0,0,1,2025-05-24 02:13:42,
msimasters.com,true,27,2227,11989,0,0,2,0,0,0,2026-03-21 11:08:46,
nailsbyvenzel.com,true,26,1680,12242,0,4,1,1,0,0,2026-04-26 01:19:18,
businessvocal.com,true,26,403,7,0,0,1,0,0,0,2025-08-28 08:49:13,
vilagrad.com,true,25,2460,15298,0,0,3,0,3,0,2026-01-13 04:55:48,2026-06-05 04:50:27
mlopesadvogados.com.br,true,24,1989,4913,0,0,1,0,1,0,2025-09-17 22:29:52,2026-04-28 03:59:18
vuink.com,false,24,212,789520,0,0,2,2,0,2,2026-06-01 10:25:39,
buchveroeffentlichen.com,true,23,349,43,0,0,1,1,1,0,2026-04-27 04:14:54,2026-05-11 04:03:42
intersel.com,true,23,1171,39888,75,10,3,0,3,0,2025-08-17 04:01:33,2026-06-01 12:30:15
recentnews.ro,false,22,364,2229,3,4,1,0,1,1,2024-08-27 13:40:43,2026-04-03 14:57:01
romance-manga.com,true,22,3805,42712,1808,316,2,0,0,0,2025-11-05 00:52:53,
group-images2.com,true,22,832,49,0,0,1,0,1,0,2025-12-28 11:50:04,2026-04-26 03:46:16
e-politic.ro,false,22,232,1714,0,1,1,0,0,1,2025-06-03 04:33:17,
letsfixit.co.uk,true,22,860,16672,4,5,1,0,0,0,2025-09-29 22:04:30,
tenisperu.com.pe,true,22,378,8146,635,46,2,0,0,0,2025-12-25 07:38:46,
matrixmy.com,false,21,4332,9509,13,41,1,0,0,0,2026-01-03 12:23:16,
resonancelabjo.com,true,21,418,33,0,0,1,0,0,0,2025-09-29 05:07:45,
fotbalclubotelul.ro,false,21,19,38,45,9,1,0,0,1,2022-08-06 10:35:32,
kofukusangyo.co.jp,true,20,40,7791,0,1,1,0,0,0,2025-10-04 11:50:48,
storiaememorie.org,true,20,344,7788,0,0,1,1,0,0,2026-06-24 07:31:55,
paczkowscy.pl,true,20,1664,13217,0,0,2,0,0,0,2026-01-28 23:08:54,
kompster.com,false,19,721,5483,563,37,1,0,0,0,2025-12-27 20:40:26,
bettingnews.ro,true,19,586,0,0,0,1,0,1,0,2025-07-12 23:39:58,2026-05-17 17:27:07
sportbetnews.ro,true,19,585,1036,0,0,1,0,1,0,2025-08-01 08:44:29,2026-06-06 05:58:58
sterling-store.co,true,19,858,13575,0,2,2,0,0,0,2025-11-09 13:05:07,
mendenarena.de,true,19,1132,84599,18,2,4,4,0,0,2026-05-27 05:07:46,
flaxit.dk,true,18,883,1116,0,0,1,0,1,0,2025-09-05 23:29:03,2026-05-10 13:26:34
worldwide-studies.com,false,17,1060,4191,83,51,4,0,0,0,2026-01-15 17:58:36,
charbucks.com,true,17,575,26153,0,0,1,1,0,0,2026-05-24 10:32:06,
hwnerds.com,true,17,924,45881,0,0,1,1,0,0,2026-06-03 13:48:42,
g5engineerings.com,true,17,1007,20139,0,0,1,0,0,0,2026-02-16 19:55:05,
epako.ao,true,16,1256,55293,0,0,10,2,0,0,2026-03-20 16:24:34,
ready.pro,true,16,96,18,0,0,2,1,1,0,2026-02-04 22:50:53,
detale.ca,false,16,1386,57,0,0,2,0,2,0,2026-01-22 20:20:17,2026-04-08 10:48:28
augustapha.org,true,16,326,48533,2072,211,1,0,0,0,2025-09-22 09:20:09,
qosnetworksmw.com,true,16,1102,0,1,32,2,0,2,0,2025-10-06 23:17:11,2026-05-17 11:43:59
pathfindertechcorp.com,true,15,1141,2045,0,0,2,2,2,0,2026-05-19 18:55:30,2026-06-21 10:42:20
eseguro.mx,true,15,996,41127,0,0,2,0,0,0,2025-09-12 01:50:06,
pgc-ks.com,true,15,1314,58880,6,4,3,0,0,0,2025-09-04 19:59:06,
fisiogymsalerno.it,true,15,567,17423,0,5,2,0,0,0,2025-09-08 23:30:28,
topla.hr,true,15,1245,21791,28,3,1,0,0,0,2025-10-23 07:43:35,
skdgroupofinstitutions.com,false,15,1193,14,23,5,1,0,1,0,2025-12-16 03:11:41,2026-05-24 19:29:08
trovity.com,true,15,50,21118,16,1,1,0,1,0,2025-08-08 14:44:17,2026-04-28 00:33:48
sencora.com,true,15,1129,59542,0,0,2,2,0,0,2026-04-28 17:20:03,
castellovinci.it,false,15,1336,2153,1,1,1,0,1,0,2026-02-17 00:55:19,2026-04-30 12:12:43
acquire.co.in,true,14,63,1,0,0,1,1,0,0,2026-05-11 05:31:31,
myassignmenthelp.net,true,14,836,32073,45,28,1,0,0,0,2025-09-27 00:24:55,
cueee.jp,true,14,585,57928,0,0,1,0,0,0,2026-01-26 20:17:44,
sblmerchant.com,true,14,138,18046,0,0,1,1,0,0,2026-05-13 12:20:48,
rankongoogle.agency,true,14,168,1,0,0,1,0,1,0,2026-01-12 00:45:39,2026-06-14 03:57:51
hayeon.net,true,13,521,23764,4,4,1,0,0,0,2025-10-18 18:17:14,
soicaumienbac368.com,true,13,369,3059,0,0,1,1,0,0,2026-05-06 08:51:59,
rankpilot.shop,true,13,611,0,0,0,1,0,0,0,2025-09-17 06:45:30,
smilingtiger.com,true,13,1300,7977,0,0,1,0,1,0,2026-02-19 22:35:24,2026-05-16 14:08:12
jesuslovesnewlondon.com,true,12,685,9,0,0,1,0,1,0,2025-10-23 16:38:54,2026-05-06 15:45:13
seo-anomaly-traffic.online,true,12,671,0,0,0,1,0,1,0,2025-05-07 21:08:42,2026-04-10 06:53:43
spottedcow.media,true,12,627,35462,8,2,2,2,0,0,2026-05-07 03:50:13,
bigtrakisback.com,true,11,1042,719,0,0,5,0,5,0,2026-01-28 01:24:40,2026-05-03 16:16:14
dotnxt.om,true,11,294,11867,0,1,2,0,0,0,2025-11-11 20:02:40,
seo-anomaly-summit.online,true,11,678,0,0,0,1,0,1,0,2025-05-14 07:30:44,2026-04-03 06:35:54
academia.edu.gt,true,11,825,12102,1,3,9,0,0,0,2026-01-07 18:52:19,
seo-anomaly-content.online,true,11,673,0,0,0,2,0,2,0,2025-05-08 00:51:28,2026-04-04 10:10:42
delos.co.in,true,11,530,5659,0,2,1,0,1,0,2025-11-15 11:59:42,2026-04-14 02:54:13
taneliukai.com,true,11,133,7294,18,4,4,0,1,0,2025-12-01 05:07:55,
seo-anomaly-revolution.online,true,10,685,0,0,0,1,0,1,0,2025-05-08 03:53:15,2026-04-06 06:48:02
seo-anomaly-analytics.online,true,10,665,0,0,0,3,0,3,0,2025-05-07 20:39:37,2026-04-21 03:43:30
jipanco.fr,true,10,211,2909,0,0,1,0,1,0,2025-09-26 15:55:59,2026-05-26 20:32:35
unique-creativity.com,true,10,610,38279,0,0,2,0,0,0,2025-12-30 14:16:28,
seo-anomaly-mastery.online,true,10,683,0,0,0,1,0,1,0,2025-05-16 05:38:39,2026-04-08 08:04:59
tamasha.blog,true,10,150,5611,0,0,1,0,0,0,2025-09-16 13:29:29,
seo-anomaly-beacon.online,true,10,704,0,0,0,1,0,1,0,2025-05-16 12:09:38,2026-04-01 19:12:11
ultimasnoticiasvenezuela.com,true,10,626,29164,0,1,1,0,0,0,2026-01-21 06:35:57,
seo-anomaly-vortex.online,true,10,695,0,0,0,1,0,1,0,2025-05-08 05:14:02,2026-04-08 22:31:27
seo-anomaly-dynamo.online,true,10,686,0,0,0,2,0,2,0,2025-05-07 22:22:12,2026-03-29 16:46:08
seo-anomaly-innovation.online,true,10,684,0,0,0,2,0,2,0,2025-05-07 21:05:08,2026-03-31 20:24:41
seo-anomaly-pinnacle.online,true,10,692,0,0,0,2,0,2,0,2025-05-08 03:07:46,2026-04-02 17:44:51
seo-anomaly-insight.online,true,10,695,0,0,0,1,0,1,0,2025-05-08 23:30:40,2026-03-31 23:09:18
drcatherinebehzad.com,true,10,823,15604,0,0,1,0,0,0,2025-09-30 23:49:05,
seo-anomaly-algorithm.online,true,10,677,0,0,0,1,0,1,0,2025-05-08 05:20:45,2026-03-29 14:12:26
seo-anomaly-orbit.online,true,10,689,0,0,0,3,0,3,0,2025-05-08 18:36:19,2026-04-01 18:14:20
greattraveladvisor.com,true,10,589,29715,0,0,1,1,0,0,2026-05-25 18:28:39,
seo-anomaly-arrow.online,true,10,692,0,0,0,1,0,1,0,2025-05-08 05:29:12,2026-04-09 05:44:49
seo-anomaly-genesis.online,true,10,699,0,0,0,1,0,1,0,2025-05-10 10:53:39,2026-03-30 11:08:55
seo-anomaly-vantage.online,true,10,682,0,0,0,1,0,1,0,2025-05-07 20:48:16,2026-04-01 01:59:55
seo-anomaly-station.online,true,10,699,0,0,0,2,0,2,0,2025-05-10 20:16:18,2026-04-08 02:25:45
seo-anomaly-drive.online,true,10,680,0,0,0,3,0,3,0,2025-05-07 23:53:26,2026-04-10 07:02:02
seo-anomaly-surge.online,true,10,691,0,0,0,2,0,2,0,2025-05-07 20:40:09,2026-03-29 06:06:59
seo-anomaly-wizard.online,true,10,688,0,0,0,2,0,2,0,2025-05-10 14:48:18,2026-04-10 21:10:29
seo-anomaly-leap.online,true,10,685,0,0,0,1,0,1,0,2025-05-08 17:39:56,2026-03-31 04:12:56
seo-anomaly-cool.online,true,10,666,0,0,0,1,0,1,0,2025-05-12 22:27:20,2026-04-06 16:38:36
walisha.org,false,9,1954,132,6,5,1,0,1,0,2026-03-18 01:45:34,2026-03-31 13:30:08
seo-anomaly-trail.online,true,9,690,0,0,0,2,0,2,0,2025-05-09 00:43:04,2026-03-29 19:41:44
seo-anomaly-clarity.online,true,9,662,0,0,0,2,0,2,0,2025-05-07 21:39:38,2026-04-02 14:15:39
simplygaurav.com,true,9,279,77938,0,0,10,2,0,0,2026-01-04 19:25:53,
newsblogsports.site,true,9,18,48647660,0,0,1,1,0,1,2026-05-11 12:21:13,
addurl.in,false,9,42,1,214,25,1,1,0,0,2026-05-31 06:28:45,
dinsport.ro,false,9,6,1690,0,0,1,0,0,1,2024-11-29 16:52:28,
bdjokes.com,true,9,547,7004,0,0,43,38,28,0,2025-08-27 08:26:52,
inlinenow.com,true,9,525,17101,0,0,4,2,2,0,2025-09-06 17:09:31,
gaister.com,true,9,173,1488,0,0,1,0,0,0,2025-09-29 20:54:35,
dcoutesnjacob.com,true,9,662,6334,0,0,5,5,5,0,2026-05-14 04:18:17,2026-06-20 02:54:40
allinone.co.in,true,9,40,2,0,0,1,1,0,0,2026-05-13 08:27:44,
cdj-bouffort.com,true,9,478,92956,0,5,2,0,0,0,2026-01-14 19:38:00,
systeckllc.com,true,9,473,37876,0,0,2,1,0,0,2025-10-22 08:54:31,
khajehfatholah.com,true,9,272,9740,0,0,1,0,0,0,2025-09-27 18:52:39,
primebeautylounge.com,true,9,837,51713,4,3,10,6,0,0,2026-01-08 02:30:33,
32si.ro,false,9,546,1193,0,0,1,0,1,1,2024-08-28 11:24:38,2026-04-10 02:37:54
technewsmail.com,true,9,727,33993,0,0,2,0,0,0,2026-01-22 06:14:30,
tradingquant.com.br,true,9,795,1030,13,2,1,0,1,0,2026-01-20 03:22:11,2026-05-27 00:08:37
proplayersports.com,true,9,542,34893,0,0,1,1,0,0,2026-05-20 12:59:52,
watermanindia.in,false,8,868,64,2,1,1,0,0,0,2025-10-18 13:49:19,
sanatyips.com,true,8,425,17931,36,17,1,0,0,0,2025-10-06 09:51:22,
vanudenips.com,false,8,596,5367,2,3,2,0,2,0,2025-09-27 12:32:28,2026-05-01 17:56:47
uaestore.com,true,8,283,6780,51,29,1,1,1,0,2026-05-08 01:38:10,2026-06-20 14:54:09
salarkhodroyeshomal.ir,true,8,139,10136,0,0,3,1,0,0,2025-09-10 04:08:33,
alligatorlaundromat.com,true,8,1037,1431,0,0,1,0,0,0,2025-08-28 11:23:47,
lineaceramicasrl.com,true,8,553,23170,2,1,1,0,0,0,2025-09-18 06:03:01,
kvsrajgarh.com,true,7,599,4224,0,0,1,0,1,0,2025-09-05 19:33:25,2026-04-09 18:14:43
shopthefinest.com,false,7,581,674,481,119,4,0,4,0,2025-08-28 07:02:25,2026-05-09 17:11:30
licitamos.cl,true,7,454,12002,86,16,3,0,0,0,2025-08-29 12:18:39,
hotrocovid19.net,true,7,806,14864,0,0,1,0,0,0,2026-01-24 13:46:50,
clubatleticopilar.com,true,7,84,2242,32,11,2,0,0,0,2025-11-08 18:32:23,
betaseo-balap.online,true,7,50,0,0,0,2,0,2,0,2025-05-31 13:26:27,2026-04-14 15:44:16
ezfinancial.ca,true,7,299,6181,0,0,2,0,0,0,2025-10-03 18:35:20,
powerworkselectric.com,true,7,511,51646,59,12,2,0,0,0,2025-10-22 06:22:19,
911auto.it,true,7,527,28720,29,23,6,0,0,0,2026-01-14 13:12:36,
datapointpos.com,true,7,249,6978,0,0,1,0,0,0,2025-09-11 06:29:38,
sisgroup.lk,false,7,539,14,1,1,1,0,1,0,2025-10-06 05:13:32,2026-04-28 20:45:43
directaircon.co.uk,true,6,598,18673,0,1,2,0,0,0,2025-09-12 04:48:04,
craze.cl,true,6,580,40,0,1,4,0,0,0,2025-12-20 19:39:02,
unitedtsglobal.com,true,6,276,15972,0,0,1,0,0,0,2026-02-14 21:07:13,
tamashi.com,true,6,152,5182,110,12,2,2,2,0,2026-05-08 04:39:49,2026-06-19 14:57:05
local.co.zw,true,6,181,4645,0,0,1,0,0,0,2025-08-16 07:35:10,
wdtexblog.com,true,6,104,6667,0,0,2,0,0,0,2025-09-13 08:31:10,
epariuri-ro.com,true,6,28,20,0,3,1,0,0,1,2022-08-28 21:35:32,
fcevents.com.au,true,5,454,20565,0,0,1,0,0,0,2025-11-17 22:45:45,
hyderabadneurosurgeon.co.in,true,5,294,161,0,0,2,0,2,0,2025-09-30 15:17:41,2026-04-24 19:54:03
boujeecasinos.com,true,5,242,13181,0,0,1,1,1,0,2026-05-23 06:34:01,2026-06-22 01:04:52
almeriavisitasguiadas.com,true,4.6,368,13167,55,3,2,0,1,0,2025-10-05 10:06:47,
tecnividrio.com.ec,true,4.6,182,13444,31,3,3,0,0,0,2026-01-14 09:20:36,
productionfunctionusa.com,true,4.5,120,2,0,0,1,0,1,0,2025-09-25 20:58:46,2026-04-23 01:49:49
ju-jutsu-hot.de,true,4.4,178,19,0,0,1,0,0,0,2025-10-07 22:44:56,
bhs-links-genie.online,true,4.3,290,0,0,0,1,0,1,0,2025-07-24 00:03:49,2026-03-31 19:25:07
bhs-links-crew.online,true,4.2,289,0,0,0,1,0,1,0,2025-07-11 12:00:10,2026-04-04 15:31:58
revan-me.com,true,4.2,270,21616,0,0,1,1,0,0,2026-05-12 00:36:10,
autoworldofconcord.com,true,4,111,4504,3,4,1,0,1,0,2025-09-28 00:49:58,2026-05-14 15:04:05
metier-capital.com,true,3.8,282,17658,6,3,1,1,0,0,2026-05-07 02:44:08,
bhs-links-grow.online,true,3.6,289,0,0,0,2,0,2,0,2025-07-14 12:11:09,2026-04-19 09:23:05
protegecordeiro.com.br,true,3.6,328,18378,0,0,1,0,0,0,2026-01-17 23:28:42,
bhs-links-team.online,true,3.5,287,0,0,0,1,0,1,0,2025-07-23 02:01:34,2026-04-16 18:40:00
nexta.ro,false,3.4,23,4200,0,1,1,0,0,1,2024-06-30 08:54:35,
bhs-links-blastup.online,true,3.3,269,0,0,0,1,0,1,0,2025-07-16 03:25:00,2026-04-20 02:43:49
zucom.com.co,true,3.2,191,11378,0,0,1,1,0,0,2026-06-09 03:39:19,
shoplogist.com,true,3.2,165,54,0,0,1,1,1,0,2026-05-10 06:45:52,2026-05-24 07:15:04
violationfunding.com,true,3.1,183,348419,0,0,5,1,0,5,2025-12-26 05:25:56,
bhs-links-smart.online,true,3.1,288,0,0,0,2,0,2,0,2025-07-14 06:15:56,2026-04-10 15:03:43
equipetrol.com.ec,true,3,135,9073,3,2,5,0,0,0,2025-12-22 03:07:54,
braemhof.ch,true,2.7,199,3476,0,0,1,0,0,0,2026-01-19 02:54:45,
kiarashdoost.ir,true,2.7,94,8861,0,0,4,0,0,0,2025-10-14 13:14:11,
laundrytouch.com,true,2.6,80,3131,0,0,1,1,0,0,2026-05-07 16:20:42,
arteza.fr,true,2.6,214,13,0,0,1,0,1,0,2026-02-27 11:22:12,2026-03-30 23:39:36
sergrass.com,true,2.6,62,274,0,0,1,1,1,0,2026-05-10 23:29:56,2026-05-25 00:18:39
topten.vip,true,2.6,247,23,0,0,1,1,1,0,2026-04-23 02:59:37,2026-05-13 14:28:30
wavednet.com,true,2.5,640,10734,4,2,1,0,0,0,2025-09-30 00:42:25,
mosaiccargo.com,true,2.5,115,5323,0,0,3,2,0,0,2026-03-05 09:04:00,
jgpaintingandremodeling.net,true,2.4,173,16454,0,0,4,4,0,0,2026-05-15 00:17:25,
bhs-links-gain.online,true,2.4,300,0,0,0,1,0,1,0,2025-07-16 20:27:43,2026-04-11 17:39:05
bhs-links-hive.online,true,2.3,295,0,0,0,2,0,2,0,2025-07-05 09:01:53,2026-04-09 04:39:18
bhs-links-tracker.online,true,2.3,291,0,0,0,1,0,1,0,2025-07-04 18:43:51,2026-03-29 01:37:36
bhs-links-stack.online,true,2.3,307,171,0,0,3,0,0,0,2025-08-19 04:14:24,
bhs-links-flow.online,true,2.2,290,0,0,0,3,0,3,0,2025-07-22 17:45:00,2026-04-15 02:29:23
bhs-links-hacks.online,true,2.2,291,0,0,0,3,0,3,0,2025-07-03 04:05:15,2026-04-18 06:35:19
bhs-links-growth.online,true,2.2,300,0,0,0,1,0,1,0,2025-07-05 06:04:57,2026-04-22 06:52:06
bhs-links-engine.online,true,2.2,292,0,0,0,1,0,1,0,2025-07-21 13:07:45,2026-04-11 11:06:08
bhs-links-ass.online,true,2.1,287,0,0,0,1,0,1,0,2025-07-07 08:58:55,2026-04-23 22:32:42
bhs-links-vault.online,true,2.1,277,0,0,0,1,0,1,0,2025-07-30 20:01:49,2026-04-08 02:03:33
bhs-links-wave.online,true,2.1,286,0,0,0,1,0,1,0,2025-07-14 07:57:55,2026-04-10 12:10:35
bhs-links-powerup.online,true,2.1,294,0,0,0,2,0,2,0,2025-07-07 14:30:14,2026-04-18 17:18:21
bhs-links-jump.online,true,2.1,292,0,0,0,1,0,1,0,2025-07-24 19:00:44,2026-04-09 05:04:54
bhs-links-meta.online,true,2.1,282,0,0,0,1,0,1,0,2025-07-15 01:39:46,2026-04-15 16:01:23
bhs-links-turbo.online,true,2.1,302,0,0,0,1,0,1,0,2025-07-15 11:46:45,2026-04-14 09:59:04
bhs-links-direct.online,true,2.1,289,0,0,0,1,0,1,0,2025-07-25 20:32:22,2026-04-13 01:15:30
bhs-links-zone.online,true,2.1,297,0,0,0,1,0,1,0,2025-07-15 04:55:43,2026-04-18 18:25:20
bhs-links-echo.online,true,2.1,297,0,0,0,2,0,2,0,2025-07-24 00:13:46,2026-04-09 20:20:00
bhs-links-info.online,true,2,282,0,0,0,1,0,1,0,2025-07-21 22:08:54,2026-04-16 21:31:01
bhs-links-stacker.online,true,2,291,0,0,0,1,0,1,0,2025-07-30 20:02:34,2026-04-12 07:30:41
bhs-links-edge.online,true,2,290,0,19,1,2,0,2,0,2025-07-07 11:12:08,2026-04-17 12:52:20
bhs-links-bubs.online,true,2,281,0,0,0,1,0,1,0,2025-07-02 23:52:57,2026-04-14 12:33:36
bhs-links-jumpstart.online,true,2,295,0,0,0,1,0,1,0,2025-07-23 23:29:27,2026-04-17 16:47:05
bhs-links-checker.online,true,2,286,0,0,0,2,0,2,0,2025-07-11 05:24:38,2026-04-18 06:18:20
bhs-links-finder.online,true,2,289,0,0,0,1,0,1,0,2025-07-18 06:29:24,2026-04-14 14:04:26
bhs-links-storm.online,true,2,288,0,0,0,2,0,2,0,2025-07-22 06:11:58,2026-04-10 18:22:03
bhs-links-stats.online,true,2,292,0,0,0,2,0,2,0,2025-07-04 21:09:19,2026-04-10 21:58:29
bhs-links-blaze.online,true,2,275,0,0,0,1,0,1,0,2025-07-08 00:11:41,2026-04-10 09:03:34
bhs-links-strategy.online,true,2,294,0,0,0,2,0,2,0,2025-07-21 06:25:48,2026-04-20 00:07:31
bhs-links-surge.online,true,2,280,0,0,0,1,0,1,0,2025-07-21 03:20:44,2026-04-01 09:21:29
bhs-links-snap.online,true,2,301,0,0,0,2,0,2,0,2025-07-16 22:15:27,2026-04-18 04:46:18
bhs-links-speed.online,true,2,291,0,0,0,1,0,1,0,2025-07-06 17:58:07,2026-04-10 07:21:37
bhs-links-crawlbot.online,true,2,287,0,0,0,1,0,1,0,2025-07-16 09:42:23,2026-04-04 04:49:09
bhs-links-flux.online,true,2,287,0,0,0,2,0,2,0,2025-07-27 10:17:44,2026-04-19 02:52:54
bhs-links-shift.online,true,2,285,0,0,0,1,0,1,0,2025-07-16 08:39:21,2026-04-16 01:11:37
bhs-links-net.online,true,2,288,0,0,0,2,0,2,0,2025-07-22 03:16:55,2026-04-11 23:13:22
slkade.lk,true,2,78,35279,0,0,1,0,0,0,2025-08-30 03:43:20,
bhs-links-trail.online,true,2,289,0,0,0,1,0,1,0,2025-07-27 17:11:54,2026-04-03 14:49:08
bhs-links-move.online,true,2,279,0,29,1,1,0,1,0,2025-07-12 03:52:18,2026-04-08 05:35:02
bhs-links-suite.online,true,2,287,0,0,0,1,0,1,0,2025-07-24 13:09:43,2026-04-01 11:10:39
bhs-links-pushup.online,true,2,289,0,0,0,1,0,1,0,2025-08-01 02:00:35,2026-04-11 06:43:54
bhs-links-traffic.online,true,2,284,0,0,0,1,0,1,0,2025-07-26 08:56:58,2026-04-03 03:54:42
bhs-links-expert.online,true,1.9,300,0,0,0,2,0,2,0,2025-07-16 06:24:11,2026-04-20 00:11:27
bhs-links-push.online,true,1.9,278,0,0,0,2,0,2,0,2025-07-22 03:40:56,2026-04-20 15:31:05
bhs-links-elite.online,true,1.9,285,0,0,0,1,0,1,0,2025-07-24 18:34:59,2026-04-03 13:40:06
bhs-links-signal.online,true,1.9,292,0,0,0,2,0,2,0,2025-07-22 16:34:14,2026-04-20 08:02:28
bhs-links-shine.online,true,1.9,290,0,0,0,1,0,1,0,2025-07-24 08:57:51,2026-04-11 15:35:04
bhs-links-click.online,true,1.9,296,0,0,0,2,0,2,0,2025-07-07 09:14:31,2026-04-11 08:51:43
bhs-links-query.online,true,1.9,290,0,0,0,1,0,1,0,2025-07-06 10:38:57,2026-04-20 02:04:34
bhs-links-anchor.online,true,1.9,281,0,0,0,1,0,1,0,2025-07-24 06:58:16,2026-04-13 02:12:31
bhs-links-lead.online,true,1.9,276,0,0,0,3,0,3,0,2025-07-12 20:35:42,2026-04-17 22:34:12
bhs-links-buzz.online,true,1.9,276,0,0,0,1,0,1,0,2025-07-07 05:33:10,2026-04-10 00:22:31
bhs-links-boostify.online,true,1.9,277,0,0,0,1,0,1,0,2025-07-23 16:22:16,2026-04-06 05:39:31
bhs-links-fix.online,true,1.9,298,0,0,0,1,0,1,0,2025-07-18 00:05:32,2026-04-07 02:18:28
bhs-links-pulse.online,true,1.9,286,0,0,0,2,0,2,0,2025-07-31 03:07:10,2026-04-19 04:50:03
bhs-links-audit.online,true,1.9,271,0,0,0,1,0,1,0,2025-07-09 04:26:11,2026-04-08 14:15:21
bhs-links-organic.online,true,1.9,285,0,0,0,2,0,2,0,2025-07-22 05:15:02,2026-04-22 03:45:10
bhs-links-path.online,true,1.9,294,172,0,0,3,0,0,0,2025-07-13 10:25:55,
bhs-links-profiler.online,true,1.9,286,0,0,0,1,0,1,0,2025-07-03 21:45:54,2026-04-18 16:23:39
bhs-links-results.online,true,1.9,291,0,0,0,2,0,2,0,2025-07-14 09:26:34,2026-04-21 16:45:05
bhs-links-rank.online,true,1.9,279,0,0,0,1,0,1,0,2025-07-06 04:29:33,2026-04-22 18:40:27
bhs-links-blast.online,true,1.9,275,0,0,0,1,0,1,0,2025-07-14 19:01:09,2026-04-14 12:17:53
bhs-links-wizard.online,true,1.9,275,0,0,0,1,0,1,0,2025-07-13 21:03:30,2026-04-03 12:34:29
bhs-links-score.online,true,1.9,282,0,0,0,1,0,1,0,2025-07-16 14:08:37,2026-04-11 14:45:31
bhs-links-beacon.online,true,1.9,278,0,0,0,3,0,3,0,2025-07-24 09:50:14,2026-04-13 13:58:03
bhs-links-launch.online,true,1.9,274,0,0,0,2,0,2,0,2025-07-24 19:02:12,2026-04-19 04:05:40
kerincare.com,true,1.9,145,14448,0,1,1,1,0,0,2026-05-15 04:47:34,
bhs-links-rocket.online,true,1.9,283,0,0,0,1,0,1,0,2025-07-11 14:56:02,2026-04-15 11:35:56
bhs-links-boost.online,true,1.9,274,0,0,0,2,0,2,0,2025-07-08 04:11:58,2026-04-12 14:11:53
bhs-links-crawl.online,true,1.9,285,0,0,0,1,0,1,0,2025-07-03 05:18:34,2026-04-07 10:01:33
bhs-links-tools.online,true,1.9,283,0,0,0,1,0,1,0,2025-07-25 23:30:26,2026-04-03 15:37:57
bhs-links-niche.online,true,1.9,284,0,0,0,1,0,1,0,2025-07-24 15:26:40,2026-04-10 15:08:25
bhs-links-alpha.online,true,1.9,272,0,0,0,1,0,1,0,2025-07-08 23:59:12,2026-04-20 03:15:58
bhs-links-ranker.online,true,1.8,285,0,0,0,2,0,2,0,2025-07-23 00:26:38,2026-04-10 21:59:43
dotscounselling.com,true,1.7,197,13089,0,0,1,1,0,0,2026-05-16 14:37:32,
citangsoo.com,true,1.7,53,7741,0,1,1,0,0,0,2026-01-01 11:27:01,
bizn.it,true,1.5,59,52934,0,0,1,0,0,0,2025-10-03 08:58:44,
yfauk.org,true,1.5,206,293,0,0,1,0,1,0,2025-09-29 13:55:03,2026-06-09 07:42:53
nexusnext.agency,true,1.4,132,997,0,0,1,1,0,0,2026-04-06 15:18:11,
backlinkorbit.shop,true,1.2,64,0,0,0,1,1,0,0,2026-06-23 00:57:58,
backlinkzeno.shop,true,1.2,64,0,0,0,1,1,0,0,2026-06-23 08:33:27,
rankbasket.shop,true,1.2,64,0,0,0,1,1,0,0,2026-06-11 15:57:58,
backlinkshop.shop,true,1.2,64,996,0,0,1,1,0,0,2026-06-12 03:17:56,
linkbundle.shop,true,1.2,64,996,0,0,1,1,0,0,2026-06-19 18:20:49,
linkcrate.shop,true,1.2,64,996,0,0,1,1,0,0,2026-06-22 08:26:21,
primebacklinks.shop,true,1.2,64,0,0,0,1,1,0,0,2026-06-23 11:49:56,
seotrove.shop,true,1.2,64,0,0,0,1,1,0,0,2026-06-28 03:28:02,
linkwares.shop,true,1.2,64,0,0,0,2,2,0,0,2026-06-22 01:56:39,
linkory.shop,true,1.2,64,997,0,0,1,1,0,0,2026-06-21 12:36:25,
utcanev-tabla.hu,true,1.2,61,253,0,0,1,0,1,0,2025-09-21 00:31:54,2026-05-09 18:08:19
seoloot.shop,true,1.1,51,0,0,0,1,1,0,0,2026-06-24 12:59:15,
rankchest.shop,true,1.1,51,0,0,0,1,1,0,0,2026-06-18 09:33:11,
seowares.shop,true,1.1,51,0,0,0,1,1,0,0,2026-06-29 04:36:06,
linkchest.shop,true,1.1,51,996,0,0,1,1,0,0,2026-06-20 04:49:46,
linktrove.shop,true,1.1,51,996,0,0,1,1,0,0,2026-06-26 19:16:16,
seopicks.shop,true,1.1,51,0,0,0,1,1,0,0,2026-06-28 09:57:06,
seoedge.shop,true,1.1,51,0,0,0,1,1,0,0,2026-06-28 16:37:46,
linkstash.shop,true,1.1,51,0,0,0,1,1,0,0,2026-06-27 10:20:39,
rankfinds.shop,true,1.1,51,0,0,0,1,1,0,0,2026-06-28 22:26:48,
seobundle.shop,true,1.1,51,0,0,0,1,1,0,0,2026-06-17 20:46:32,
rankbazaar.shop,true,1.1,51,0,0,0,1,1,0,0,2026-06-11 15:14:42,
linkbarn.shop,true,1.1,51,996,0,0,1,1,0,0,2026-06-14 00:39:58,
seocrate.shop,true,1.1,51,0,0,0,1,1,0,0,2026-06-24 17:23:55,
rankcrate.shop,true,1.1,51,0,0,0,1,1,0,0,2026-06-18 14:26:38,
linkpicks.shop,true,1.1,51,0,0,0,1,1,0,0,2026-06-20 03:33:19,
anomaly-seo-southwick.online,true,1.1,46,344,0,0,15,0,0,0,2026-02-12 20:02:29,
anomaly-seo-westwood.online,true,1.1,46,342,0,0,15,0,0,0,2026-02-12 15:01:11,
anomaly-seo-greendale.site,true,1.1,46,343,0,0,15,0,0,0,2026-02-11 04:26:56,
links-bhs-brown.space,true,1,48,175,0,0,30,0,0,0,2026-02-11 14:02:59,
한국사이버신학대학교.kr,true,0.9,97,40413,8,2,4,0,0,0,2025-12-13 08:00:20,
standardykvality.cz,true,0.9,94,15383,35,19,5,5,1,0,2026-05-06 19:23:04,
bestdev.ro,true,0.5,1,113,0,2,9,6,6,0,2026-02-21 18:19:16,
anomaly-seo-springdale.online,true,0.4,48,344,0,0,15,0,0,0,2026-02-12 15:32:54,
anomaly-seo-oakridge.website,true,0.4,45,345,0,0,15,0,0,0,2026-02-12 20:03:10,
anomaly-seo-woodbridge.online,true,0.4,45,342,0,0,15,0,0,0,2026-02-13 21:29:37,
anomaly-seo-silverton.website,true,0.4,45,343,0,0,15,0,0,0,2026-02-13 00:05:56,
anomaly-seo-pinecrest.website,true,0.4,45,344,0,0,15,0,0,0,2026-02-11 16:26:03,
anomaly-seo-hillcrest.site,true,0.4,45,342,0,0,15,0,0,0,2026-02-13 15:01:39,
anomaly-seo-lakeside.site,true,0.4,45,344,0,0,15,0,0,0,2026-02-11 11:13:54,
anomaly-seo-riverford.website,true,0.4,45,343,0,0,15,0,0,0,2026-02-16 14:20:50,
anomaly-seo-meadowbrook.site,true,0.4,46,344,0,0,15,0,0,0,2026-02-11 12:09:00,
anomaly-seo-northfield.website,true,0.4,45,344,0,0,15,0,0,0,2026-02-15 18:57:18,
anomaly-seo-maplegrove.site,true,0.4,46,344,0,0,15,0,0,0,2026-02-12 18:47:22,
anomaly-seo-stonehill.online,true,0.4,45,343,0,0,15,0,0,0,2026-02-12 02:15:20,
seo-anomaly-6.xyz,true,0.3,80,114,0,0,20,0,0,0,2026-02-20 19:43:47,
seo-anomaly-2.xyz,true,0.3,80,115,0,0,20,0,0,0,2026-02-20 21:37:41,
seo-anomaly-10.xyz,true,0.3,80,113,0,0,20,0,0,0,2026-02-20 20:36:15,
seo-anomaly-9.xyz,true,0.3,80,114,0,0,20,0,0,0,2026-02-20 15:45:23,
seo-anomaly-5.xyz,true,0.3,80,113,0,0,20,0,0,0,2026-02-20 18:54:33,
seo-anomaly-8.xyz,true,0.3,80,114,0,0,20,0,0,0,2026-02-20 19:39:34,
seo-anomaly-1.xyz,true,0.3,80,114,0,0,20,0,0,0,2026-02-20 21:08:18,
seo-anomaly-7.xyz,true,0.3,80,114,0,0,20,0,0,0,2026-02-20 20:00:09,
seo-anomaly-3.xyz,true,0.3,80,114,0,0,20,0,0,0,2026-02-20 22:18:33,
seo-anomaly-4.xyz,true,0.3,80,114,0,0,20,0,0,0,2026-02-20 19:59:50,
hazarat.in,true,0.3,39,1900,0,0,1,0,1,0,2025-09-21 07:57:56,2026-04-17 03:40:29
links-bhs-big.online,true,0.3,48,172,0,0,9,0,0,0,2026-02-11 08:23:09,
links-bhs-nice.xyz,true,0.2,44,176,0,0,30,1,0,0,2026-02-13 03:54:56,
links-bhs-yellow.xyz,true,0.2,43,176,0,0,30,0,0,0,2026-02-13 21:24:46,
links-bhs-green.xyz,true,0.2,43,176,0,0,30,0,0,0,2026-02-13 20:33:42,
links-bhs-red.xyz,true,0.2,43,177,0,0,30,0,0,0,2026-02-15 03:27:53,
links-bhs-great.xyz,true,0.2,44,176,0,0,30,0,0,0,2026-02-14 20:40:52,
links-bhs-black.xyz,true,0.2,43,175,0,0,30,0,0,0,2026-02-14 08:23:31,
links-bhs-blue.xyz,true,0.2,43,175,0,0,29,0,0,0,2026-02-15 10:02:59,
links-bhs-sharp.xyz,true,0.2,43,175,0,0,30,0,0,0,2026-02-17 09:34:36,
pro-arges.ro,false,0.1,2,333,0,1,1,0,1,1,2025-09-04 08:58:12,2026-05-20 21:47:02
seo-anomaly-lumos.online,true,0.1,26,71,0,0,1,0,0,0,2026-02-03 10:18:22,
seo-anomaly-incendio.online,true,0.1,26,70,0,0,1,0,0,0,2026-02-03 05:47:22,
seo-anomaly-rennervate.online,true,0.1,26,69,0,0,1,0,0,0,2026-02-03 00:53:20,
seo-anomaly-accio.online,true,0.1,26,73,0,0,1,0,0,0,2026-02-02 19:03:27,
seo-anomaly-muffliato.online,true,0.1,26,70,0,0,1,0,0,0,2026-02-02 16:43:10,
seo-anomaly-expecto-patronum.online,true,0.1,26,70,0,0,1,0,0,0,2026-02-02 19:05:45,
seo-anomaly-expecto-patronum.site,true,0.1,25,70,0,0,1,0,0,0,2026-03-05 09:20:57,
seo-anomaly-rennervate.site,true,0.1,25,69,0,0,1,0,0,0,2026-03-04 15:31:42,
seo-anomaly-finite-incantatem.online,true,0.1,25,73,0,0,1,0,0,0,2026-02-02 19:23:51,
seo-anomaly-petrificus-totalus.online,true,0.1,25,71,0,0,1,0,0,0,2026-02-02 22:25:07,
seo-anomaly-wingardium-leviosa.website,true,0.1,25,70,0,0,1,0,0,0,2026-03-04 10:45:49,
seo-anomaly-episkey.website,true,0.1,25,65,0,0,1,0,0,0,2026-03-05 08:24:30,
seo-anomaly-avada-kedavra.website,true,0.1,25,70,0,0,1,0,0,0,2026-03-04 09:48:53,
seo-anomaly-protego.website,true,0.1,25,70,0,0,1,0,0,0,2026-03-04 13:36:17,
seo-anomaly-stupefy.website,true,0.1,25,70,0,0,1,0,0,0,2026-03-05 11:09:14,
seo-anomaly-reparo.site,true,0.1,25,71,0,0,1,0,0,0,2026-03-05 07:14:50,
seo-anomaly-episkey.online,true,0.1,25,69,0,0,1,0,0,0,2026-02-08 08:43:13,
seo-anomaly-wingardium-leviosa.site,true,0.1,25,73,0,0,1,0,0,0,2026-03-04 08:00:42,
seo-anomaly-nox.website,true,0.1,25,69,0,0,1,0,0,0,2026-03-05 06:49:50,
seo-anomaly-confundus.online,true,0.1,25,70,0,0,1,0,0,0,2026-02-02 19:23:31,
seo-anomaly-crucio.website,true,0.1,25,67,0,0,1,0,0,0,2026-03-05 16:55:20,
seo-anomaly-expelliarmus.site,true,0.1,25,69,0,0,1,0,0,0,2026-02-02 23:17:06,
seo-anomaly-silencio.site,true,0.1,25,70,0,0,1,0,0,0,2026-03-04 14:04:52,
seo-anomaly-rennervate.website,true,0.1,25,70,0,0,1,0,0,0,2026-03-04 14:50:37,
seo-anomaly-muffliato.website,true,0.1,25,69,0,0,1,0,0,0,2026-03-05 10:41:30,
seo-anomaly-finite-incantatem.site,true,0.1,25,70,0,0,1,0,0,0,2026-02-02 18:53:23,
seo-anomaly-stupefy.site,true,0.1,25,70,0,0,1,0,0,0,2026-03-05 10:44:47,
seo-anomaly-imperio.online,true,0.1,25,71,0,0,1,0,0,0,2026-02-02 20:47:47,
seo-anomaly-silencio.website,true,0.1,25,69,0,0,1,0,0,0,2026-03-05 04:48:34,
seo-anomaly-expecto-patronum.website,true,0.1,25,70,0,0,1,0,0,0,2026-03-05 08:15:26,
seo-anomaly-lumos.website,true,0.1,25,70,0,0,1,0,0,0,2026-03-04 14:08:40,
seo-anomaly-aguamenti.site,true,0.1,25,70,0,0,1,0,0,0,2026-02-03 02:27:11,
seo-anomaly-obliviate.site,true,0.1,25,70,0,0,1,0,0,0,2026-02-02 23:44:53,
seo-anomaly-accio.website,true,0.1,25,70,0,0,1,0,0,0,2026-03-05 06:01:29,
seo-anomaly-protego.online,true,0.1,25,69,0,0,1,0,0,0,2026-02-02 22:53:02,
seo-anomaly-wingardium-leviosa.online,true,0.1,25,73,0,0,1,0,0,0,2026-02-03 00:47:29,
seo-anomaly-imperio.site,true,0.1,25,70,0,0,1,0,0,0,2026-02-03 01:48:57,
seo-anomaly-reducto.website,true,0.1,25,69,0,0,1,0,0,0,2026-03-05 06:17:09,
seo-anomaly-aguamenti.website,true,0.1,25,69,0,0,1,0,0,0,2026-03-05 09:32:24,
seo-anomaly-expelliarmus.online,true,0.1,25,70,0,0,1,0,0,0,2026-02-02 19:31:35,
seo-anomaly-reparo.website,true,0.1,25,73,0,0,1,0,0,0,2026-03-04 12:16:09,
seo-anomaly-nox.site,true,0.1,25,67,0,0,1,0,0,0,2026-02-11 00:08:30,
seo-anomaly-obliviate.online,true,0.1,25,70,0,0,1,0,0,0,2026-02-08 02:38:31,
seo-anomaly-imperio.website,true,0.1,25,70,0,0,1,0,0,0,2026-03-04 13:11:05,
seo-anomaly-levicorpus.site,true,0.1,25,68,0,0,1,0,0,0,2026-02-02 19:32:45,
seo-anomaly-stupefy.online,true,0.1,25,71,0,0,1,0,0,0,2026-02-03 01:56:23,
seo-anomaly-nox.online,true,0.1,25,73,0,0,1,0,0,0,2026-02-02 23:02:12,
seo-anomaly-aparecium.site,true,0.1,25,73,0,0,1,0,0,0,2026-02-03 21:14:26,
seo-anomaly-incendio.site,true,0.1,25,69,0,0,1,0,0,0,2026-02-02 23:08:07,
seo-anomaly-expelliarmus.website,true,0.1,25,69,0,0,1,0,0,0,2026-03-05 05:45:05,
seo-anomaly-petrificus-totalus.site,true,0.1,25,70,0,0,1,0,0,0,2026-02-02 17:46:24,
seo-anomaly-incendio.website,true,0.1,25,70,0,0,1,0,0,0,2026-03-04 12:01:45,
seo-anomaly-confundus.site,true,0.1,25,67,0,0,1,0,0,0,2026-03-04 14:20:24,
seo-anomaly-accio.site,true,0.1,25,71,0,0,1,0,0,0,2026-02-02 18:31:44,
seo-anomaly-episkey.site,true,0.1,25,69,0,0,1,0,0,0,2026-03-05 13:01:35,
seo-anomaly-crucio.online,true,0.1,25,71,0,0,1,0,0,0,2026-02-10 00:07:48,
seo-anomaly-silencio.online,true,0.1,25,70,0,0,1,0,0,0,2026-02-03 00:02:48,
seo-anomaly-levicorpus.website,true,0.1,25,70,0,0,1,0,0,0,2026-03-05 15:29:13,
seo-anomaly-confundus.website,true,0.1,25,69,0,0,1,0,0,0,2026-03-05 05:31:55,
seo-anomaly-muffliato.site,true,0.1,25,71,0,0,1,0,0,0,2026-02-03 00:59:04,
seo-anomaly-levicorpus.online,true,0.1,25,70,0,0,1,0,0,0,2026-02-02 20:43:24,
seo-anomaly-petrificus-totalus.website,true,0.1,25,72,0,0,1,0,0,0,2026-03-04 22:45:25,
seo-anomaly-avada-kedavra.online,true,0.1,25,72,0,0,1,0,0,0,2026-02-03 02:23:53,
seo-anomaly-reducto.online,true,0.1,25,70,0,0,1,0,0,0,2026-02-02 20:54:19,
seo-anomaly-finite-incantatem.website,true,0.1,25,70,0,0,1,0,0,0,2026-03-04 07:27:46,
seo-anomaly-reducto.site,true,0.1,25,70,0,0,1,0,0,0,2026-03-04 07:32:59,
seo-anomaly-obliviate.website,true,0.1,25,69,0,0,1,0,0,0,2026-03-05 08:07:56,
seo-anomaly-lumos.site,true,0.1,25,71,0,0,1,0,0,0,2026-02-02 21:28:07,
seo-anomaly-aguamenti.online,true,0.1,25,70,0,0,1,0,0,0,2026-02-02 21:07:08,
seo-anomaly-crucio.site,true,0.1,25,70,0,0,1,0,0,0,2026-03-05 06:16:42,
seo-anomaly-protego.site,true,0.1,25,71,0,0,1,0,0,0,2026-03-04 09:05:57,
seo-anomaly-aparecium.online,true,0.1,25,70,0,0,1,0,0,0,2026-02-03 12:17:50,
seo-anomaly-aparecium.website,true,0.1,25,70,0,0,1,0,0,0,2026-03-04 18:46:55,
seo-anomaly-reparo.online,true,0.1,25,68,0,0,1,0,0,0,2026-02-02 18:37:20,
seo-anomaly-aguamenti.space,true,0.1,24,67,0,0,1,0,0,0,2026-02-02 18:16:39,
seo-anomaly-rennervate.space,true,0.1,24,67,0,0,1,0,0,0,2026-02-02 23:43:09,
seo-anomaly-obliviate.space,true,0.1,24,67,0,0,1,0,0,0,2026-02-03 10:44:23,
seo-anomaly-muffliato.space,true,0.1,24,67,0,0,1,0,0,0,2026-02-03 03:25:24,
seo-anomaly-wingardium-leviosa.space,true,0.1,24,66,0,0,1,0,0,0,2026-02-03 02:19:04,
seo-anomaly-expelliarmus.space,true,0.1,24,67,0,0,1,0,0,0,2026-02-02 19:07:24,
seo-anomaly-levicorpus.space,true,0.1,24,67,0,0,1,0,0,0,2026-02-02 20:06:42,
seo-anomaly-stupefy.space,true,0.1,24,68,0,0,1,0,0,0,2026-02-02 18:23:09,
seo-anomaly-protego.space,true,0.1,24,67,0,0,1,0,0,0,2026-02-02 20:28:41,
seo-anomaly-expecto-patronum.space,true,0.1,24,68,0,0,1,0,0,0,2026-02-03 00:44:39,
seo-anomaly-episkey.space,true,0.1,24,67,0,0,1,0,0,0,2026-02-02 22:46:28,
seo-anomaly-nox.space,true,0.1,24,67,0,0,1,0,0,0,2026-02-03 03:16:17,
seo-anomaly-aparecium.space,true,0.1,24,67,0,0,1,0,0,0,2026-02-02 21:52:20,
seo-anomaly-silencio.space,true,0.1,24,67,0,0,1,0,0,0,2026-02-10 14:58:24,
seo-anomaly-finite-incantatem.space,true,0.1,24,67,0,0,1,0,0,0,2026-02-02 23:41:34,
seo-anomaly-reparo.space,true,0.1,24,67,0,0,1,0,0,0,2026-02-03 03:12:15,
seo-anomaly-confundus.space,true,0.1,24,67,0,0,1,0,0,0,2026-02-02 19:03:11,
seo-anomaly-reducto.space,true,0.1,24,67,0,0,1,0,0,0,2026-02-02 22:39:59,
seo-anomaly-avada-kedavra.space,true,0.1,24,67,0,0,1,0,0,0,2026-02-03 01:34:09,
seo-anomaly-imperio.space,true,0.1,24,67,0,0,1,0,0,0,2026-02-02 23:30:44,
seo-anomaly-crucio.space,true,0.1,24,67,0,0,1,0,0,0,2026-02-02 18:33:45,
seo-anomaly-incendio.space,true,0.1,24,67,0,0,1,0,0,0,2026-02-02 16:27:54,
seo-anomaly-lumos.space,true,0.1,24,67,0,0,1,0,0,0,2026-02-03 03:08:40,
seo-anomaly-petrificus-totalus.space,true,0.1,24,67,0,0,1,0,0,0,2026-02-02 20:54:25,
seo-anomaly-accio.space,true,0.1,24,67,0,0,1,0,0,0,2026-02-02 23:14:17,
affsignal.com,true,0.1,4,356948,2,5,10,10,2,10,2026-05-24 22:49:34,
link-legion-7.xyz,true,0.1,31,0,0,0,2,2,0,0,2026-06-14 14:37:17,
link-legion-32.xyz,true,0.1,31,0,0,0,2,2,0,0,2026-06-14 00:04:24,
link-legion-43.xyz,true,0.1,31,0,0,0,2,2,0,0,2026-06-14 00:32:42,
link-legion-40.xyz,true,0.1,31,0,0,0,2,2,0,0,2026-06-13 21:33:52,
link-legion-17.xyz,true,0.1,31,0,0,0,2,2,0,0,2026-06-14 07:24:11,
link-legion-35.xyz,true,0.1,31,1,0,0,1,1,0,0,2026-06-14 19:07:53,
link-legion-12.xyz,true,0.1,31,0,0,0,2,2,0,0,2026-06-14 04:24:19,
link-legion-47.xyz,true,0.1,31,1,0,0,1,1,0,0,2026-06-14 00:29:31,
link-legion-5.xyz,true,0.1,31,0,0,0,2,2,0,0,2026-06-14 04:35:48,
link-legion-30.xyz,true,0.1,31,0,0,0,1,1,0,0,2026-06-14 17:44:29,
link-legion-24.xyz,true,0.1,31,1,0,0,1,1,0,0,2026-06-14 14:32:10,
link-legion-46.xyz,true,0.1,31,1,0,0,2,2,0,0,2026-06-17 06:57:47,
link-legion-50.xyz,true,0.1,31,0,0,0,2,2,0,0,2026-06-14 18:31:14,
link-legion-23.xyz,true,0.1,31,0,0,0,2,2,0,0,2026-06-28 22:09:01,
link-legion-19.xyz,true,0.1,31,0,0,0,2,2,0,0,2026-06-14 04:32:02,
link-legion-25.xyz,true,0.1,31,0,0,0,2,2,0,0,2026-06-14 15:14:16,
link-legion-26.xyz,true,0.1,31,0,0,0,2,2,0,0,2026-06-14 19:50:04,
link-legion-34.xyz,true,0.1,31,0,0,0,2,2,0,0,2026-06-17 04:31:31,
link-legion-16.xyz,true,0.1,31,0,0,0,2,2,0,0,2026-06-14 02:03:44,
link-legion-36.xyz,true,0.1,31,0,0,0,2,2,0,0,2026-06-14 07:37:33,
link-legion-10.xyz,true,0.1,31,0,0,0,2,2,0,0,2026-06-17 00:18:54,
link-legion-39.xyz,true,0.1,31,0,0,0,2,2,0,0,2026-06-17 01:35:04,
link-legion-2.xyz,true,0.1,31,0,0,0,2,2,0,0,2026-06-14 04:41:54,
link-legion-45.xyz,true,0.1,31,0,0,0,2,2,0,0,2026-06-14 00:59:35,
link-legion-21.xyz,true,0.1,31,0,0,0,2,2,0,0,2026-06-14 02:30:47,
link-legion-9.xyz,true,0.1,31,1,0,0,1,1,0,0,2026-06-14 00:44:49,
link-legion-13.xyz,true,0.1,31,0,0,0,2,2,0,0,2026-06-16 22:49:08,
link-legion-41.xyz,true,0.1,31,0,0,0,2,2,0,0,2026-06-14 05:38:10,
link-legion-6.xyz,true,0.1,31,0,0,0,2,2,0,0,2026-06-14 10:30:24,
link-legion-18.xyz,true,0.1,31,0,0,0,2,2,0,0,2026-06-14 04:06:07,
link-legion-31.xyz,true,0.1,31,0,0,0,2,2,0,0,2026-06-14 12:58:33,
link-legion-44.xyz,true,0.1,31,0,0,0,2,2,0,0,2026-06-14 23:58:37,
link-legion-15.xyz,true,0.1,31,0,0,0,2,2,0,0,2026-06-14 03:22:15,
link-legion-3.xyz,true,0.1,31,0,0,0,2,2,0,0,2026-06-13 21:47:10,
link-legion-37.xyz,true,0.1,31,1,0,0,1,1,0,0,2026-06-14 16:52:01,
link-legion-20.xyz,true,0.1,31,0,0,0,2,2,0,0,2026-06-18 10:32:08,
link-legion-11.xyz,true,0.1,31,0,0,0,2,2,0,0,2026-06-14 14:30:30,
link-legion-49.xyz,true,0.1,31,0,0,0,2,2,0,0,2026-06-14 02:08:32,
link-legion-14.xyz,true,0.1,31,0,0,0,2,2,0,0,2026-06-14 06:19:32,
link-legion-48.xyz,true,0.1,31,0,0,0,2,2,0,0,2026-06-14 11:35:30,
link-legion-22.xyz,true,0.1,31,0,0,0,2,2,0,0,2026-06-14 17:30:36,
link-legion-38.xyz,true,0.1,31,0,0,0,2,2,0,0,2026-06-13 19:36:56,
link-legion-29.xyz,true,0.1,31,0,0,0,2,2,0,0,2026-06-18 18:34:14,
link-legion-4.xyz,true,0.1,31,0,0,0,2,2,0,0,2026-06-14 13:27:36,
link-legion-27.xyz,true,0.1,31,0,0,0,2,2,0,0,2026-06-13 23:18:27,
seo-anomaly-canonical-1.xyz,true,0.1,18,80,0,0,3,3,0,0,2026-05-25 02:15:03,
seo-anomaly-canonical-2.xyz,true,0.1,18,80,0,0,3,3,0,0,2026-05-24 23:39:42,
seo-anomaly-backlink-2.xyz,true,0.1,18,80,0,0,3,3,0,0,2026-05-25 11:57:26,
seo-anomaly-sitemap-1.xyz,true,0.1,18,80,0,0,1,1,0,0,2026-05-24 20:11:59,
seo-anomaly-snippet-1.xyz,true,0.1,18,80,0,0,3,3,0,0,2026-05-24 12:50:25,
seo-anomaly-metatag-1.xyz,true,0.1,18,80,0,0,3,3,0,0,2026-05-24 19:50:42,
seo-anomaly-crawler-1.xyz,true,0.1,18,80,0,0,3,3,0,0,2026-05-25 02:25:37,
seo-anomaly-keyword-1.xyz,true,0.1,18,80,0,0,3,3,0,0,2026-05-25 05:04:38,
seo-anomaly-anchor-1.xyz,true,0.1,18,80,0,0,3,3,0,0,2026-05-25 08:54:19,
seo-anomaly-indexing-2.xyz,true,0.1,18,80,0,0,3,3,0,0,2026-05-25 11:37:13,
seo-anomaly-indexing-1.xyz,true,0.1,18,80,0,0,3,3,0,0,2026-05-25 01:59:42,
seo-anomaly-snippet-2.xyz,true,0.1,18,80,0,0,3,3,0,0,2026-05-24 16:47:33,
seo-anomaly-metatag-2.xyz,true,0.1,18,80,0,0,3,3,0,0,2026-05-24 20:59:23,
seo-anomaly-crawler-2.xyz,true,0.1,18,80,0,0,3,3,0,0,2026-05-25 19:09:16,
seo-anomaly-redirect-2.xyz,true,0.1,18,80,0,0,3,3,0,0,2026-05-25 17:18:11,
seo-anomaly-keyword-2.xyz,true,0.1,18,80,0,0,3,3,0,0,2026-05-24 21:58:12,
seo-anomaly-anchor-2.xyz,true,0.1,18,80,0,0,3,3,0,0,2026-05-25 14:28:38,
seo-anomaly-redirect-1.xyz,true,0.1,18,80,0,0,3,3,0,0,2026-05-25 04:25:00,
seo-anomaly-sitemap-2.xyz,true,0.1,18,80,0,0,3,3,0,0,2026-05-24 18:41:35,
seo-anomaly-backlink-1.xyz,true,0.1,18,80,0,0,3,3,0,0,2026-05-25 00:14:21,
bhs-links-bijuu-1.xyz,true,0,18,93,0,0,3,3,0,0,2026-05-24 19:30:24,
bhs-links-shuriken-1.xyz,true,0,18,93,0,0,3,3,0,0,2026-05-24 21:06:55,
bhs-links-taijutsu-1.xyz,true,0,18,93,0,0,3,3,0,0,2026-05-25 07:25:25,
bhs-links-jinchuriki-1.xyz,true,0,18,93,0,0,3,3,0,0,2026-05-24 17:05:21,
bhs-links-ninjutsu-1.xyz,true,0,18,93,0,0,3,3,0,0,2026-05-25 09:58:35,
bhs-links-genjutsu-2.xyz,true,0,18,93,0,0,3,3,0,0,2026-05-24 18:46:06,
bhs-links-chakra-2.xyz,true,0,18,93,0,0,3,3,0,0,2026-05-24 21:31:10,
bhs-links-kunai-2.xyz,true,0,18,93,0,0,3,3,0,0,2026-05-24 23:00:27,
bhs-links-genjutsu-1.xyz,true,0,18,93,0,0,3,3,0,0,2026-05-25 10:27:15,
bhs-links-kekkei-1.xyz,true,0,18,93,0,0,3,3,0,0,2026-05-24 21:16:13,
bhs-links-shinobi-2.xyz,true,0,18,93,0,0,3,3,0,0,2026-05-24 20:57:01,
bhs-links-taijutsu-2.xyz,true,0,18,92,0,0,3,3,0,0,2026-05-24 19:39:03,
bhs-links-bijuu-2.xyz,true,0,18,93,0,0,3,3,0,0,2026-05-25 02:09:00,
bhs-links-jinchuriki-2.xyz,true,0,18,93,0,0,3,3,0,0,2026-05-25 15:06:49,
bhs-links-shinobi-1.xyz,true,0,18,93,0,0,3,3,0,0,2026-05-24 23:14:40,
bhs-links-kunai-1.xyz,true,0,18,92,0,0,3,3,0,0,2026-05-24 21:27:56,
bhs-links-chakra-1.xyz,true,0,18,93,0,0,3,3,0,0,2026-05-24 18:47:12,
bhs-links-kekkei-2.xyz,true,0,18,93,0,0,3,3,0,0,2026-05-25 07:23:59,
bhs-links-shuriken-2.xyz,true,0,18,93,0,0,3,3,0,0,2026-05-25 11:01:02,
bhs-links-ninjutsu-2.xyz,true,0,18,93,0,0,3,3,0,0,2026-05-24 22:49:41,
seo-anomaly-canonical.xyz,true,0,18,80,0,0,3,3,0,0,2026-05-11 20:50:00,
seo-anomaly-metatag.xyz,true,0,18,80,0,0,3,3,0,0,2026-05-11 17:06:07,
seo-anomaly-keyword.xyz,true,0,18,80,0,0,3,3,0,0,2026-05-12 04:12:16,
seo-anomaly-backlink.xyz,true,0,18,80,0,0,3,3,0,0,2026-05-12 07:39:34,
seo-anomaly-crawler.xyz,true,0,18,80,0,0,3,3,0,0,2026-05-12 08:24:42,
seo-anomaly-redirect.xyz,true,0,18,79,0,0,3,3,0,0,2026-05-12 01:43:15,
seo-anomaly-snippet.xyz,true,0,18,80,0,0,3,3,0,0,2026-05-11 07:23:51,
link-legion-70.xyz,true,0,17,0,0,0,1,1,0,0,2026-06-23 10:04:29,
link-legion-52.xyz,true,0,17,0,0,0,1,1,0,0,2026-06-23 06:04:25,
link-legion-73.xyz,true,0,17,0,0,0,1,1,0,0,2026-06-23 03:41:11,
link-legion-62.xyz,true,0,17,0,0,0,1,1,0,0,2026-06-22 23:24:51,
link-legion-51.xyz,true,0,17,0,0,0,1,1,0,0,2026-06-23 03:08:01,
link-legion-53.xyz,true,0,17,0,0,0,1,1,0,0,2026-06-23 14:42:45,
link-legion-60.xyz,true,0,17,0,0,0,1,1,0,0,2026-06-23 06:17:03,
link-legion-77.xyz,true,0,17,0,0,0,1,1,0,0,2026-06-23 21:49:55,
link-legion-64.xyz,true,0,17,0,0,0,1,1,0,0,2026-06-24 18:44:07,
link-legion-57.xyz,true,0,17,0,0,0,1,1,0,0,2026-06-24 03:06:17,
link-legion-66.xyz,true,0,17,0,0,0,1,1,0,0,2026-06-23 23:37:39,
link-legion-76.xyz,true,0,17,0,0,0,1,1,0,0,2026-06-23 05:33:01,
link-legion-79.xyz,true,0,17,0,0,0,1,1,0,0,2026-06-23 16:06:15,
link-legion-69.xyz,true,0,17,0,0,0,1,1,0,0,2026-06-23 14:53:25,
link-legion-61.xyz,true,0,17,1,0,0,1,1,0,0,2026-06-23 18:17:24,
link-legion-74.xyz,true,0,17,0,0,0,1,1,0,0,2026-06-23 14:27:09,
link-legion-55.xyz,true,0,17,0,0,0,1,1,0,0,2026-06-23 04:43:34,
link-legion-65.xyz,true,0,17,0,0,0,1,1,0,0,2026-06-23 11:33:02,
link-legion-58.xyz,true,0,17,0,0,0,1,1,0,0,2026-06-23 21:38:37,
link-legion-72.xyz,true,0,17,0,0,0,1,1,0,0,2026-06-23 19:30:52,
link-legion-78.xyz,true,0,17,0,0,0,1,1,0,0,2026-06-23 16:53:10,
link-legion-54.xyz,true,0,17,0,0,0,1,1,0,0,2026-06-23 06:50:38,
link-legion-56.xyz,true,0,17,0,0,0,1,1,0,0,2026-06-23 13:02:47,
link-legion-67.xyz,true,0,17,0,0,0,1,1,0,0,2026-06-23 02:04:32,
link-legion-68.xyz,true,0,17,0,0,0,1,1,0,0,2026-06-23 02:01:09,
link-legion-59.xyz,true,0,17,0,0,0,1,1,0,0,2026-06-23 04:35:06,
seo-anomaly-anchor.xyz,true,0,16,80,0,0,3,3,0,0,2026-05-11 19:47:46,
seo-anomaly-sitemap.xyz,true,0,16,80,0,0,3,3,0,0,2026-05-11 16:08:16,
seo-anomaly-indexing.xyz,true,0,15,78,0,0,3,3,0,0,2026-05-12 01:09:00,
bhs-links-chakra.xyz,true,0,11,93,0,0,3,3,0,0,2026-05-11 17:52:51,
bhs-links-shuriken.xyz,true,0,11,92,0,0,3,3,0,0,2026-05-11 17:37:13,
bhs-links-taijutsu.xyz,true,0,11,93,0,0,3,3,0,0,2026-05-12 12:42:41,
bhs-links-kunai.xyz,true,0,11,92,0,0,3,3,0,0,2026-05-12 02:43:31,
bhs-links-shinobi.xyz,true,0,11,93,0,0,3,3,0,0,2026-05-11 12:48:58,
bhs-links-kekkei.xyz,true,0,11,93,0,0,3,3,0,0,2026-05-12 03:53:35,
bhs-links-genjutsu.xyz,true,0,11,93,0,0,3,3,0,0,2026-05-12 02:37:39,
bhs-links-ninjutsu.xyz,true,0,11,93,0,0,3,3,0,0,2026-05-11 20:07:55,
bhs-links-bijuu.xyz,true,0,11,35,0,0,1,1,0,0,2026-05-11 23:23:58,
bhs-links-jinchuriki.xyz,true,0,10,93,0,0,3,3,0,0,2026-05-12 00:09:48,
mortgagesfortheforces.co.uk,true,0,4,5509,0,0,1,1,0,0,2026-05-21 01:10:53,
anomaly-seo-fairview.space,false,0,0,0,0,0,3,0,0,0,2026-02-17 03:33:37,
anomaly-seo-brookfield.space,false,0,0,0,0,0,3,0,0,0,2026-02-15 15:46:17,
anomaly-seo-eastvale.space,false,0,0,0,0,0,3,0,0,0,2026-02-15 12:05:46,
anomaly-seo-ashford.space,false,0,0,0,0,0,3,0,0,0,2026-02-15 13:45:02,
anomaly-seo-clearwater.space,false,0,0,0,0,0,3,0,0,0,2026-02-15 01:39:17,
