URL,Status,UR,Previous traffic,Current traffic,Traffic change,Previous traffic value,Current traffic value,Traffic value change,Current referring domains,Previous # of keywords,Current # of keywords,Keywords change,Previous top keyword,Current top keyword,Previous top keyword: Volume,Current top keyword: Volume,Previous top keyword: Position,Current top keyword: Position,Top keyword: Position change,Page type
https://biletu-zilei.com/ponturi-pariuri/,,4.4,5449,9241,3792,3726.73,6226.16,2499.42,201,142,156,14,ponturi pariuri,ponturi pariuri azi,11000,3900,5,1,,
https://biletu-zilei.com/loterii-internationale/loto-polonia-multi/,,4.5,6479,6766,287,2235.73,2160.26,-75.47,273,288,313,25,loto polonia 20 din 80,polonia multi,9100,63000,8,6,,
https://biletu-zilei.com/pronosticuri-fotbal/,,4.4,5176,6013,837,2111.03,2489.90,378.86,182,116,150,34,biletul zilei fotbal,biletul zilei fotbal,1200,900,1,1,0,
https://biletu-zilei.com/fotbal-azi-la-tv/,,4.5,3435,3558,123,331.87,368.50,36.63,93,71,90,19,fotbal la tv,fotbal la tv,7800,8200,4,4,0,
https://biletu-zilei.com/ponturi-tenis/,,4.6,1279,1467,188,975.97,1139.61,163.64,11,20,21,1,ponturi tenis,ponturi tenis,1500,1400,2,2,0,
https://biletu-zilei.com/loterii-internationale/loto-italia-keno-10e-20-90/,,4.7,389,1270,881,127.14,423.90,296.76,0,20,49,29,loto italia 20 90,loto italia 20 din 90,7200,11000,11,9,,
https://biletu-zilei.com/loterii-internationale/loto-polonia-kaskada-12-24/,,,1075,1183,108,279.19,315.97,36.78,,14,13,-1,polonia kaskada,polonia kaskada,4700,4600,5,5,0,
https://biletu-zilei.com/,,4.6,1138,1175,37,779.81,752.23,-27.57,563,40,29,-11,biletul zilei,biletul zilei,2800,900,4,1,3,
https://biletu-zilei.com/aplicatii-jocuri-de-noroc/player-aplicatie/,New,,,1091,1091,,752.86,752.86,,,1,1,,player casino,,15000,,5,,
https://biletu-zilei.com/loterii-internationale/loto-spania-bono-6-49/,,4.5,454,970,516,142.23,291.90,149.67,0,15,18,3,spania bono 6/49,spania bono,1300,4000,6,6,,
https://biletu-zilei.com/loterii-internationale/strategie-polonia-3-numere/,,,950,955,5,475.03,475.71,0.68,,3,4,1,strategie loto polonia 3 numere,strategie loto polonia 3 numere,800,800,1,1,0,
https://biletu-zilei.com/loterii-internationale/loto-cehia-keno-12-60/,,,867,953,86,317.48,360.58,43.10,,19,18,-1,loto cehia,cehia keno 12 din 60,16000,7600,14,9,,
https://biletu-zilei.com/loterii-internationale/loto-ungaria-putto-8-20/,,,1001,888,-113,186.13,148.56,-37.57,,22,23,1,ungaria putto,ungaria putto,9300,9300,8,9,-1,
https://biletu-zilei.com/biletul-zilei/cota-2/,,9,568,881,313,242.84,344.92,102.07,4,13,16,3,cota 2 azi,cota 2,400,1500,3,3,,
https://biletu-zilei.com/loterii-internationale/polonia-keno/,,4.6,680,875,195,164.10,217.37,53.26,1,24,26,2,loto polonia 20/70,loto polonia 20/70,2800,3000,6,5,1,
https://biletu-zilei.com/biletul-zilei/,,9,744,810,66,253.89,264.46,10.58,192,51,52,1,biletul zilei pariu sigur,biletul zilei sigur 100,600,450,2,1,,
https://biletu-zilei.com/loterii-internationale/loto-italia-win-for-life-10-20/,,4.5,302,799,497,82.17,248.50,166.33,0,41,72,31,10 din 20,10 din 20,1200,1300,11,5,6,
https://biletu-zilei.com/casino-online/top-cazinouri-online-romania/,,4.4,1682,772,-910,5234.73,2147.04,-3087.69,212,29,39,10,top 10 casino online,top casino online,4900,4100,5,8,,
https://biletu-zilei.com/recenzii/don-pareri/,New,,,744,744,,912.88,912.88,,,6,6,,don ro,,45000,,13,,
https://biletu-zilei.com/loterii-internationale/loto-canada-atlantic-bucko-5-41/,,,283,712,429,29.27,101.51,72.24,,24,26,2,canada 5/41 ultimele rezultate,loto canada,500,5100,4,7,,
https://biletu-zilei.com/loterii-internationale/loto-italia-millionday-5-55/,,4.5,588,668,80,238.16,329.90,91.74,0,9,12,3,italia million day 5 din 55,italia million day 5 din 55,3100,3100,6,6,0,
https://biletu-zilei.com/loterii-internationale/loto-sua-pennsylvania-treasure-hunt-5-30/,,4.7,558,642,84,128.12,130.66,2.55,0,36,40,4,pennsylvania 5 30,pennsylvania 5 din 30,700,700,3,3,,
https://biletu-zilei.com/loterii-internationale/cu-cate-numere-se-castiga-la-joker/,,5,454,592,138,94.65,126.17,31.52,0,6,8,2,ce castigi cu 2 numere loto joker,ce castigi cu 2 numere loto joker,1600,1600,5,4,1,
https://biletu-zilei.com/loterii-internationale/loto-finlanda-keno-20-70/,,4.5,225,484,259,36.51,99.06,62.54,0,11,14,3,finlanda keno 20/70,finlanda keno 20/70,2200,2200,9,5,4,
https://biletu-zilei.com/loterii-internationale/loto-6-49-explicat-pe-intelesul-tuturor/,,5,400,459,59,89.78,92.30,2.52,1,57,53,-4,cat castigi cu 3 numere la loto 6 din 49,ce castigi cu 2 numere loto 6 din 49,3500,1800,10,5,,
https://biletu-zilei.com/loterii-internationale/letonia-keno/,,4.6,339,455,116,97.49,177.84,80.35,0,21,22,1,letonia 20 din 62,letonia keno 20 din 62,1400,2300,7,7,,
https://biletu-zilei.com/loterii-internationale/loto-grecia-kino-20-80/,,5,658,449,-209,355.12,144.33,-210.79,131,21,19,-2,grecia 20/80,loto grecia 20/80,2200,2700,5,9,,
https://biletu-zilei.com/blog-pariuri-cazino/superbet-club/,,,113,445,332,61.95,251.64,189.69,,13,10,-3,superbet club,club superbet,45000,47000,22,15,,
https://biletu-zilei.com/recenzii/winner-pareri/,,4.4,4,431,427,5.63,294.49,288.86,111,3,2,-1,winner pareri,winner ro,100,4500,9,4,,
https://biletu-zilei.com/metode-contact-cazino/superbet-contact/,,4.4,201,424,223,439.63,774.98,335.35,220,14,39,25,nr contact superbet online,nr contact superbet online,1900,1700,8,7,1,
https://biletu-zilei.com/loterii-internationale/loto-ungaria-keno-20-80/,,4.6,339,351,12,61.18,54.71,-6.47,0,15,15,,loto ungaria 20/80,keno ungaria,700,700,4,5,,
https://biletu-zilei.com/agentii-stradale-de-pariuri/smart-bet/,,4.6,17,347,330,13.02,329.77,316.75,163,4,9,5,verificare bilet smart bet,smart bet,350,5000,7,2,,
https://biletu-zilei.com/loterii-internationale/loto-sua-arizona-fantasy-5-5-41/,,4.5,78,295,217,2.77,15.21,12.44,0,6,8,2,arizona fantasy 5/41 rezultate,arizona fantasy 5/41 rezultate,2000,2000,10,6,4,
https://biletu-zilei.com/loterii-internationale/belgia-keno/,,4.6,28,283,255,2.86,74.89,72.03,0,5,5,,belgia keno 20/70,belgia keno,600,3700,9,4,,
https://biletu-zilei.com/blog-pariuri-cazino/verificare-bilet-casa-pariurilor/,,4.5,65,275,210,50.03,213.42,163.39,44,7,11,4,verificare bilet casa pariurilor cod scurt,verificare bilet casa pariurilor cod scurt,1900,3400,10,5,5,
https://biletu-zilei.com/scoala-de-pariuri/durata-meci-de-baschet/,,,335,274,-61,,,,,13,13,,cat dureaza un meci de baschet,cate reprize are un meci de baschet,500,200,2,2,,
https://biletu-zilei.com/loterii-internationale/loto-italia-5-90/,,4.5,187,272,85,34.26,63.93,29.67,0,13,20,7,loto nationale,loto italia 5/90,600,800,6,4,,
https://biletu-zilei.com/loterii-internationale,New,,,261,261,,198.18,198.18,,,2,2,,multi polonia,,7700,,6,,
https://biletu-zilei.com/loterii-internationale/extrageri-loto-649/,,4.5,197,254,57,38.33,38.62,0.29,0,12,18,6,extragere loto 6 49 azi ora live,extragere loto 6 49 azi ora live,4900,4300,13,10,3,
https://biletu-zilei.com/loterii-internationale/loto-6-49-variante-de-joc/,,5,155,240,85,45.37,66.17,20.79,1,10,22,12,cea mai buna schema loto 6 49,cea mai buna schema loto 6 49,1500,1400,8,5,3,
https://biletu-zilei.com/blog-pariuri-cazino/superbet-verificare-bilet/,,4.4,207,233,26,420.63,387.71,-32.92,196,24,40,16,scanare bilet superbet,scanare bilet superbet,2900,2400,9,7,2,
https://biletu-zilei.com/ponturi-handbal/,,,322,231,-91,224.16,149.13,-75.03,,6,6,,ponturi handbal,ponturi handbal,500,300,2,2,0,
https://biletu-zilei.com/tutoriale/creare-cont-casa-pariurilor/,,,204,226,22,450.90,454.30,3.40,,9,11,2,cont casa pariurilor,cont casa pariurilor,600,500,2,2,0,
https://biletu-zilei.com/loterii-internationale/schema-polonia-4-numere/,,,165,225,60,60.21,66.77,6.56,,3,6,3,schema loto polonia 4 numere,schema loto polonia 4 numere,400,400,1,1,0,
https://biletu-zilei.com/blog-pariuri-cazino/total-bet-verificare-bilet/,,4.4,123,221,98,94.25,150.57,56.32,162,21,31,10,te1 total bet,te1 total bet,600,500,6,4,2,
https://biletu-zilei.com/loterii-internationale/loto-polonia-6-49/,,,191,221,30,71.85,89.34,17.50,,14,14,,polonia 6/49,polonia 6/49,450,400,4,3,1,
https://biletu-zilei.com/loterii-internationale/loto-italia-napoli-5-90/,,,36,217,181,10.61,13.20,2.59,,5,8,3,loto italia napoli,loto italia 5 90 napoli,250,1700,6,4,,
https://biletu-zilei.com/blog-pariuri-cazino/verificare-bilet-powerbet/,,,151,216,65,77.90,113.06,35.17,,6,6,,power bet verificare bilet,power bet verificare bilet,450,700,2,2,0,
https://biletu-zilei.com/loterii-internationale/loto-new-york-pick-20-80/,,4.6,192,200,8,,0.03,0.03,0,12,13,1,loto new york pick 20 80,loto new york pick 20 80,1500,1500,6,7,-1,
https://biletu-zilei.com/case-de-pariuri-online/,,,93,191,98,505.90,954.79,448.89,,14,23,9,case pariuri online,top case pariuri,1700,300,15,4,,
https://biletu-zilei.com/coduri-bonus/cod-bonus-la-maxbet/,,,35,179,144,40.81,243.80,202.98,,8,19,11,cod bonus maxbet,cod bonus maxbet,1100,1000,16,7,9,
https://biletu-zilei.com/bonus-aniversar/bonus-aniversar-superbet/,,4.6,112,177,65,166.22,222.66,56.43,161,13,15,2,bonus de ziua ta superbet,bonus de ziua ta,300,450,5,5,,
https://biletu-zilei.com/rotiri-gratuite-cazino/win2-rotiri-gratuite/,,4.4,40,170,130,21.51,92.44,70.93,169,4,8,4,win 2,win 2,2200,2200,12,7,5,
https://biletu-zilei.com/biletul-zilei/cota-3/,,9,167,167,,117.09,117.09,,95,2,2,,cota 3,cota 3,150,150,1,1,0,
https://biletu-zilei.com/loterii-internationale/loto-franta-5-49/,,4.7,139,165,26,18.13,40.69,22.56,0,14,23,9,loto franta 5/49 rezultate,loto franța 5/49,900,1600,8,11,,
https://biletu-zilei.com/metode-contact-cazino/casa-pariurilor-contact/,,,63,158,95,63.09,152.96,89.86,,2,12,10,casa pariurilor deschis acum,casa pariurilor deschis acum,1300,1300,7,4,3,
https://biletu-zilei.com/loterii-internationale/loto-italia-bari-5-90/,,4.5,115,158,43,67.13,87.11,19.97,0,8,8,,loto italia 5/90 bari,loto italia 5/90 bari,1100,1100,7,6,1,
https://biletu-zilei.com/loterii-internationale/loto-italia-firenze-5-90/,,,157,152,-5,25.59,30.13,4.54,,5,6,1,loto italia 5/90 florenta,loto italia 5/90 florenta,1100,1100,3,4,-1,
https://biletu-zilei.com/loterii-internationale/loto-italia-cagliari-5-90/,,4.5,82,150,68,58.93,117.47,58.54,0,5,6,1,loto italia cagliari 5/90,loto italia cagliari 5/90,800,800,5,2,3,
https://biletu-zilei.com/blog-pariuri-cazino/verificare-bilet-fortuna/,,,21,150,129,12.13,87.47,75.34,,8,18,10,fortuna cod scurt,fortuna verificare bilet cod scurt,600,1100,11,5,,
https://biletu-zilei.com/agentii-stradale-de-pariuri/agentii-superbet-program/,,4.4,78,143,65,22.87,106.22,83.35,159,15,26,11,program superbet azi,superbet deschis acum,700,1000,6,7,,
https://biletu-zilei.com/aplicatii-jocuri-de-noroc/aplicatia-casa-pariurilor/,,,97,140,43,182.45,263.48,81.03,,11,20,9,aplicatie casa pariurilor,aplicatie casa pariurilor,1600,1200,6,5,1,
https://biletu-zilei.com/bonus-aniversar/don-bonus-aniversar/,New,4.5,,139,139,,147.47,147.47,0,,2,2,,bonus aniversar casino,,4600,,10,,
https://biletu-zilei.com/blog-pariuri-cazino/winner-verificare-bilet/,,,107,135,28,67.94,74.48,6.54,,10,8,-2,winner verificare bilet,verificare bilete winner,400,100,2,1,,
https://biletu-zilei.com/loterii-internationale/loto-italia-690/,,4.9,61,134,73,11.22,23.80,12.58,123,22,36,14,cote loto italia 6 din 90,enalotto italia 6 90,250,700,6,10,,
https://biletu-zilei.com/loterii-internationale/loto-ungaria-otoslotto-5-90/,,4.5,190,131,-59,31.99,21.48,-10.51,0,15,18,3,ungaria 5/90,ungaria 5 din 90,600,500,4,6,,
https://biletu-zilei.com/blog-pariuri-cazino/verificare-bilet-stanleybet/,,4.5,127,125,-2,56.79,47.46,-9.33,0,12,14,2,stanleybet verificare bilet fotbal,cod bilet stanleybet,400,600,3,7,,
https://biletu-zilei.com/loterii-internationale/slovacia-keno/,,4.6,73,122,49,12.91,21.78,8.87,0,13,14,1,rezultate slovacia keno,rezultate slovacia keno,2500,2400,13,12,1,
https://biletu-zilei.com/metode-contact-cazino/million-casino-contact/,,,120,121,1,144.81,146.94,2.13,,1,1,,million casino contact,million casino contact,800,800,2,2,0,
https://biletu-zilei.com/loterii-internationale/loto-sua-colorado-cash-5-32/,,4.5,66,119,53,20.58,31.42,10.84,0,6,9,3,loto colorado 5/32,loto colorado 5/32,600,600,8,5,3,
https://biletu-zilei.com/blog-pariuri-cazino/gets-bet-verificare-bilet/,,4.4,28,116,88,24.86,104.90,80.04,173,7,8,1,verificare bilet gets bet fotbal,verificare bilet gets bet fotbal,2700,2700,16,9,7,
https://biletu-zilei.com/loterii-internationale/germania-keno/,,4.5,144,116,-28,31.31,34.57,3.26,0,10,10,,germania keno 20/70,germania keno 20/70,900,1000,7,8,-1,
https://biletu-zilei.com/agentii-stradale-de-pariuri/total-bet/,,4.5,170,114,-56,127.97,64.06,-63.91,164,16,28,12,pariuri sportive total bet ro,pariuri sportive total bet,1600,400,5,7,,
https://biletu-zilei.com/scoala-de-pariuri/durata-meci-hochei/,,,80,111,31,,,,,5,5,,cat tine un meci de hochei,cate reprize are un meci de hochei,60,200,2,1,,
https://biletu-zilei.com/blog-pariuri-cazino/verificare-bilet-betmen/,,,73,109,36,45.48,71.63,26.16,,5,5,,betmen .ro,betmen .ro,1100,1200,7,5,2,
https://biletu-zilei.com/scoala-de-pariuri/total-goluri-asiatice/,,4.5,78,102,24,32.82,41.17,8.35,1,10,10,,ce inseamna goluri asiatice,goluri asiatice,200,300,4,3,,
https://biletu-zilei.com/bonus-aniversar/bonus-aniversar-betano/,,,38,101,63,69.61,157.08,87.46,,3,4,1,bonus de ziua ta betano,bonus aniversar betano,100,200,2,1,,
https://biletu-zilei.com/recenzii/pareri-unibet/,,,32,101,69,89.97,339.56,249.59,,2,2,,pareri unibet,unibet pareri,150,250,2,2,,
https://biletu-zilei.com/loterii-internationale/loto-italia-roma-5-90/,,4.5,114,99,-15,49.07,41.22,-7.85,0,9,10,1,loto italia roma,loto italia roma,700,700,6,7,-1,
https://biletu-zilei.com/rotiri-gratuite-cazino/excelbet-rotiri-gratuite/,,4.5,10,95,85,8.59,86.37,77.78,46,2,5,3,excelbet rotiri gratuite fara depunere,excelbet rotiri gratuite fara depunere,1200,1100,16,6,10,
https://biletu-zilei.com/jocuri-pacanele-online/,,4.5,2,94,92,1.55,118.70,117.15,41,4,3,-1,joc pacanele gratis,jocuri casino online gratis,800,7400,25,15,,
https://biletu-zilei.com/tutoriale/las-vegas-verificare-cont/,,,80,93,13,78.48,88.83,10.34,,2,3,1,verificare card las vegas,verificare card las vegas,900,700,5,4,1,
https://biletu-zilei.com/loterii-internationale/keno-franta/,,4.7,16,93,77,3.43,23.15,19.73,0,11,20,9,rezultate keno franta,franța keno 20 din 70,100,300,6,6,,
https://biletu-zilei.com/ponturi-baschet/,,9,121,88,-33,86.21,62.28,-23.93,6,8,10,2,ponturi baschet,ponturi baschet,400,300,6,6,0,
https://biletu-zilei.com/jocuri-pacanele-online/pacanele-77777/,,4.5,1,81,80,0.51,38.84,38.33,44,1,7,6,77777 demo,77777 demo,2000,1700,27,9,18,
https://biletu-zilei.com/pariuri-virtuale/lucky-six-superbet/,,,50,80,30,47.37,79.78,32.42,,7,8,1,rezultate lucky six superbet,rezultate lucky six superbet,200,300,4,4,0,
https://biletu-zilei.com/metode-plata/retragere-betano-cash/,,,78,78,,122.47,124.30,1.83,,5,6,1,betano agentie,betano agentie,200,200,2,4,-2,
https://biletu-zilei.com/pacanele/las-vegas-jocuri/,,,4,77,73,4.61,88.29,83.68,,1,2,1,las vegas casino online,las vegas casino online,1200,1400,19,7,12,
https://biletu-zilei.com/coduri-bonus/cod-bonus-bilion-casino/,,0,1,76,75,0.74,65.83,65.09,0,1,2,1,billion casino,billion casino,2400,2500,29,9,20,
https://biletu-zilei.com/loterii-internationale/loto-new-york-take-5-39/,,,40,76,36,6.99,14.99,8.00,,5,5,,loto new york take 5/39,loto new york take 5/39,800,800,9,6,3,
https://biletu-zilei.com/meciuri-azi/,,4.5,27,76,49,5.05,15.66,10.61,108,12,18,6,ce meciuri sunt azi,ce meciuri sunt azi,6100,7300,19,14,5,
https://biletu-zilei.com/articole-utile-casino/8-sfaturi-pentru-a-castiga-mai-mult-la-pacanele/,,4.7,55,75,20,51.24,61.33,10.09,95,4,4,,cum sa castigi la pacanele,cum sa castigi la pacanele,200,200,4,4,0,
https://biletu-zilei.com/loterii-internationale/euromillions-5-50/,,4.7,38,75,37,12.47,19.31,6.84,0,5,11,6,numere norocoase la euromillions,euromillions 5/50,200,500,2,7,,
https://biletu-zilei.com/coduri-bonus/cod-bonus-la-fortuna/,,4.5,55,73,18,58.00,75.06,17.06,163,6,6,,cod promo fortuna,cod promo fortuna,200,200,4,2,2,
https://biletu-zilei.com/coduri-bonus/cod-bonus-la-betano/,,4.6,4,72,68,7.74,92.84,85.10,164,2,5,3,cod promotional betano,cod promo betano,1000,700,20,9,,
https://biletu-zilei.com/coduri-bonus/victory-bet-cod-bonus/,,,234,72,-162,203.70,65.67,-138.04,,2,1,-1,vbet ro,vbet bonus,3900,600,7,3,,
https://biletu-zilei.com/loterii-internationale/loto-italia-genoa-5-90/,,,69,72,3,17.31,15.61,-1.69,,4,6,2,italia genoa 5/90,italia genoa 5/90,700,700,5,5,0,
https://biletu-zilei.com/loterii-internationale/loto-italia-milano-5-90/,,,90,71,-19,17.76,15.62,-2.14,,11,9,-2,loto italia milano,loto italia 5/90 milano,500,450,6,5,,
https://biletu-zilei.com/recenzii/betmen-pareri/,New,4.5,,70,70,,85.90,85.90,149,,1,1,,batman casino,,1200,,6,,
https://biletu-zilei.com/loterii-internationale/loto-italia-palermo-5-90/,,,21,68,47,1.86,4.53,2.67,,3,6,3,loto italia palermo,loto italia palermo,250,250,9,5,4,
https://biletu-zilei.com/loterii-internationale/loto-turcia-6-90/,,,77,68,-9,24.23,16.15,-8.08,,8,9,1,turcia 6/90,loto turcia 6/90,450,500,5,7,,
https://biletu-zilei.com/loterii-internationale/loto-italia-venezia-5-90/,,,67,68,1,7.70,7.63,-0.07,,4,5,1,loto italia venezia,loto italia venezia,1200,1200,7,7,0,
https://biletu-zilei.com/loterii-internationale/loto-ungaria-6-45/,,4.5,45,67,22,10.46,14.37,3.92,0,5,5,,loto ungaria 6/45,loto ungaria 6/45,350,350,6,6,0,
https://biletu-zilei.com/articole-utile-casino/5-septari-la-cazino/,,4.7,49,61,12,29.69,35.86,6.18,0,13,13,,5 septari pe 10 lei,5 septari,50,50,3,1,,
https://biletu-zilei.com/rotiri-gratuite-cazino/stanleybet-rotiri-gratuite/,,,2,60,58,2.31,63.50,61.20,,3,9,6,cod bonus stanleybet 100 rotiri,stanleybet rotiri gratuite,30,700,9,7,,
https://biletu-zilei.com/metode-contact-cazino/888casino-contact/,,,26,60,34,33.26,111.66,78.40,,6,5,-1,888 casino contact,888 casino contact,700,600,12,5,7,
https://biletu-zilei.com/agentii-stradale-de-pariuri/franciza-pariuri-sportive/,,4.6,30,60,30,12.26,28.12,15.86,138,8,8,,franciza superbet,franciza pariuri sportive,80,40,4,1,,
https://biletu-zilei.com/loterii-internationale/loto-florida-fantasy-5-36/,,4.5,27,59,32,,,,0,5,8,3,florida fantasy 5 5/36 rezultate,florida fantasy 5 5/36 rezultate,600,600,8,7,1,
https://biletu-zilei.com/scoala-de-pariuri/ce-inseamna-bts-la-agentiile-de-pariuri/,,,57,57,,80.67,80.67,,,1,1,,btts,btts,50,50,1,1,0,
https://biletu-zilei.com/casino-live/,,4.5,2,57,55,,132.55,132.55,113,1,4,3,live cazino,live casino romania,1000,4700,23,18,,
https://biletu-zilei.com/loterii-internationale/loto-spania-primitiva-6-49/,,,42,56,14,9.69,14.49,4.80,,10,9,-1,rezultate loto spania primitiva 6/49,rezultate loto spania primitiva 6/49,200,200,5,5,0,
https://biletu-zilei.com/tutoriale/verificare-cont-unibet/,,,18,55,37,491.83,1472.83,981.00,,1,1,,verificare cont unibet,verificare cont unibet,150,150,3,1,2,
https://biletu-zilei.com/metode-contact-cazino/contact-las-vegas/,,,22,55,33,41.66,87.76,46.10,,4,5,1,contact las vegas casino,las vegas contact,150,350,6,4,,
https://biletu-zilei.com/recenzii/vlad-cazino-pareri/,,,55,55,,171.60,170.47,-1.13,,1,1,,vlad cazino pareri,vlad cazino pareri,150,150,1,1,0,
https://biletu-zilei.com/scoala-de-pariuri/pronosport/,,,26,54,28,11.99,42.70,30.71,,8,14,6,scheme reduse pronosport,concurs pronosport,40,300,2,8,,
https://biletu-zilei.com/coduri-bonus/princess-casino-cod-bonus/,,,50,53,3,88.73,92.61,3.88,,7,7,,princess casino bonus,princess casino bonus,500,500,8,7,1,
https://biletu-zilei.com/recenzii/pareri-princess-casino/,,,45,53,8,83.68,88.13,4.44,,3,2,-1,princess casino pareri,princess,80,12000,1,8,,
https://biletu-zilei.com/rotiri-gratuite-cazino/casa-cazinou-rotiri-gratuite/,,,0,52,52,0.52,95.88,95.36,,1,5,4,casa pariurilor rotiri gratuite,casa pariurilor bonus fara depunere,1100,1200,30,10,,
https://biletu-zilei.com/coduri-bonus/frank-casino-cod-promo/,,,19,52,33,26.05,64.45,38.40,,6,8,2,cod promo frank casino,cod promo frank casino,200,200,8,5,3,
https://biletu-zilei.com/metode-contact-cazino/magic-jackpot-contact/,,,26,50,24,44.33,85.31,40.98,,3,3,,magic jackpot contact,contact magic jackpot,150,80,3,1,,
https://biletu-zilei.com/loterii-internationale/loto-italia-torino-5-90/,,,54,49,-5,19.84,13.62,-6.21,,7,6,-1,loto italia torino,loto italia torino,500,400,6,6,0,
https://biletu-zilei.com/loterii-internationale/loto-sua-washington-daily-keno/,,4.5,29,48,19,0.01,0.46,0.45,0,9,16,7,sua washington keno,sua washington keno,350,350,6,6,0,
https://biletu-zilei.com/blog-pariuri-cazino/pariu-sansa-superbet/,,4.5,44,47,3,17.70,20.27,2.57,33,14,14,,pariu sansa progresiv,pariu sansa progresiv,250,250,6,6,0,
https://biletu-zilei.com/ruleta-casino/jocuri-ruleta-elite-slots/,New,4.4,,45,45,,24.75,24.75,0,,1,1,,elite casino,,1900,,11,,
https://biletu-zilei.com/metode-contact-cazino/betano-contact/,,5,31,41,10,43.18,51.08,7.90,0,3,3,,betano contact telefon,betano contact telefon,700,700,10,8,2,
https://biletu-zilei.com/scoala-de-pariuri/durata-meci-de-fotbal/,,,30,40,10,,,,,5,6,1,cat dureaza un meci de fotbal,cat dureaza un meci de fotbal,300,500,6,7,-1,
https://biletu-zilei.com/coduri-bonus/cod-promo-las-vegas/,,4.5,3,40,37,4.21,47.51,43.29,168,1,13,12,cod promo las vegas,cod bonus las vegas,200,250,13,8,,
https://biletu-zilei.com/blog-pariuri-cazino/winner-fun/,,,20,39,19,22.97,44.39,21.42,,1,1,,winner fun,winner fun,800,3100,10,13,-3,
https://biletu-zilei.com/ponturi-hochei-pe-gheata/,,,7,39,32,2.36,29.60,27.24,,2,3,1,ponturi hochei azi,ponturi hochei azi,150,150,10,2,8,
https://biletu-zilei.com/rotiri-gratuite-cazino/totogaming-rotiri-gratuite/,,4.5,10,38,28,7.86,30.67,22.81,154,2,2,,totogaming bonus fara depunere,totogaming bonus fara depunere,2400,2300,18,13,5,
https://biletu-zilei.com/agentii-stradale-de-pariuri/winner-agentii/,,4.6,32,37,5,15.47,18.17,2.70,149,8,8,,agentii winner,agentii winner,150,150,3,3,0,
https://biletu-zilei.com/scoala-de-pariuri/durata-meci-handbal/,,4.4,27,36,9,,,,0,8,11,3,cat dureaza un meci de handbal,cat dureaza un meci de handbal,250,250,8,8,0,
https://biletu-zilei.com/tutoriale/betano-inregistrare/,,,28,36,8,67.99,93.63,25.64,,3,3,,betano inregistrare,inregistrare betano,100,300,3,6,,
https://biletu-zilei.com/blog-pariuri-cazino/bilet-virtual-superbet/,,4.4,40,36,-4,41.10,36.35,-4.74,13,5,5,,superbet creare bilet,superbet bilet virtual,150,100,4,4,,
https://biletu-zilei.com/coduri-bonus/cod-bonus-casa-pariurilor/,,4.6,32,35,3,72.06,74.92,2.85,164,4,4,,cod promotional casa pariurilor,cod promotional casa pariurilor,200,200,6,6,0,
https://biletu-zilei.com/coduri-bonus/cod-bonus-superbet/,,,14,35,21,50.11,125.75,75.64,,2,3,1,cod bonus superbet,cod bonus superbet,3600,3200,19,15,4,
https://biletu-zilei.com/metode-plata/netbet-depunere-minima/,,,35,35,,,,,,1,1,,netbet depunere minima,netbet depunere minima,100,100,1,1,0,
https://biletu-zilei.com/loterii-internationale/loto-turcia-superlotto-6-60/,,,30,35,5,,,,,3,3,,turcia 6/60,loto turcia 6/60,150,150,4,4,,
https://biletu-zilei.com/loterii-internationale/loto-sua-wisconsin-badger-5-31/,,4.5,38,34,-4,,,,0,5,8,3,loto wisconsin badger 5 31 rezultate,loto wisconsin badger 5/31 rezultate,800,900,10,13,,
https://biletu-zilei.com/loterii-internationale/loto-austria-645/,,,1,34,33,0.34,7.71,7.38,,1,2,1,austria 6/45,austria 6/45,800,800,23,9,14,
https://biletu-zilei.com/tutoriale/mozzartbet-verificare-cont/,,,18,33,15,27.32,27.32,0.00,,3,6,3,cont mozzart,mozzart verificare bilet fotbal,200,100,5,2,,
https://biletu-zilei.com/coduri-bonus/cashpot-cod-bonus/,,4.5,12,33,21,7.76,24.36,16.60,166,1,5,4,cashpot bonus,cashpot bonus fara depunere,250,400,7,8,,
https://biletu-zilei.com/metode-contact-cazino/winner-contact/,,,18,33,15,16.34,31.06,14.73,,6,6,,winner contact,winner contact,250,250,9,4,5,
https://biletu-zilei.com/blog-pariuri-cazino/verificare-bilet-magnumbet/,,,40,32,-8,31.70,26.62,-5.09,,4,3,-1,verificare bilet magnum bet,verificare bilet magnum bet,100,100,3,3,0,
https://biletu-zilei.com/casino-online/cazinouri-skrill/,New,,,31,31,,22.03,22.03,,,2,2,,skrill cazinouri,,80,,1,,
https://biletu-zilei.com/coduri-bonus/cod-bonus-winbet/,,,1,30,29,0.00,43.83,43.83,,2,6,4,winbet cod promotional,cod bonus winbet,40,400,8,9,,
https://biletu-zilei.com/pacanele/jocuri-superbet/,,,26,30,4,40.11,47.82,7.71,,3,2,-1,jocuri superbet care platesc,jocuri superbet care platesc,200,200,4,3,1,
https://biletu-zilei.com/rotiri-gratuite-cazino/favbet-rotiri-gratuite/,,4.5,5,30,25,7.97,36.56,28.59,151,1,2,1,favbet bonus fara depunere,favbet rotiri gratuite,400,400,13,7,,
https://biletu-zilei.com/aplicatii-jocuri-de-noroc/maxbet-aplicatie/,,4.5,8,28,20,13.78,40.98,27.20,1,2,5,3,maxbet app,maxbet app,200,200,9,7,2,
https://biletu-zilei.com/author/claudiu-hood/,,,24,28,4,48.07,57.34,9.27,,4,4,,claudiu hood,claudiu hood,200,250,5,5,0,
https://biletu-zilei.com/loterii-internationale/loto-danemarca-7-36/,,,6,27,21,,,,,1,2,1,danemarca 7/36,loto danemarca 7/36,100,150,6,3,,
https://biletu-zilei.com/metode-contact-cazino/winbet-contact/,,,14,27,13,,2.67,2.67,,1,2,1,0316308777,0316308777,200,200,5,5,0,
https://biletu-zilei.com/loterii-internationale/loto-belgia-645/,,,27,27,,3.88,6.54,2.66,,5,3,-2,belgia 6/45,belgia 6/45,200,200,6,4,2,
https://biletu-zilei.com/author/chiriladavid25/,,,34,26,-8,19.24,14.69,-4.55,,1,1,,pontul zilei chirila,pontul zilei chirila,90,70,1,1,0,
https://biletu-zilei.com/blog-pariuri-cazino/superavantaj-superbet/,,4.4,12,26,14,21.33,47.85,26.52,0,7,11,4,superavantaj superbet,superavantaj superbet,150,150,9,5,4,
https://biletu-zilei.com/jocuri-noroc-online-bani-reali/,,,28,26,-2,67.48,61.78,-5.70,,2,2,,jocuri bani reali fara depunere,jocuri bani reali fara depunere,150,150,3,3,0,
https://biletu-zilei.com/rotiri-gratuite-cazino/betano-bonus-fara-depunere/,,,3,24,21,5.65,48.81,43.17,,2,3,1,betano bonus fara depunere,betano bonus fara depunere,2100,2000,24,15,9,
https://biletu-zilei.com/jackpot-casino/,,,7,24,17,7.66,27.61,19.95,,1,1,,jackpot casino,jackpot casino,700,600,14,8,6,
https://biletu-zilei.com/metode-plata/unibet-retragere/,,,20,24,4,36.64,42.49,5.85,,2,2,,retragere unibet,retragere unibet,150,150,4,3,1,
https://biletu-zilei.com/metode-contact-cazino/gets-bet-contact/,,,28,24,-4,21.29,11.56,-9.73,,5,4,-1,gest bets,gets bet contact,800,200,11,4,,
https://biletu-zilei.com/scoala-de-pariuri/pariurile-de-tip-sub-peste-explicate-in-detaliu/,,4.5,2,24,22,0.01,,-0.01,1,2,3,1,sub 4.5 goluri,ce inseamna sub 4.5 goluri,30,150,8,4,,
https://biletu-zilei.com/autoexcludere/inchidere-cont-superbet/,,,24,24,,73.43,68.40,-5.03,,5,5,,redeschidere cont superbet,redeschidere cont superbet,300,300,7,8,-1,
https://biletu-zilei.com/metode-contact-cazino/mozzart-contact/,,4.4,13,23,10,3.80,8.72,4.91,123,3,4,1,mozzartbet contact,mozzartbet contact,100,100,5,2,3,
https://biletu-zilei.com/rotiri-gratuite-cazino/cashpot-rotiri-gratuite/,New,4.4,,22,22,,24.62,24.62,156,,6,6,,cashpot rotiri gratuite,,400,,11,,
https://biletu-zilei.com/agentii-stradale-de-pariuri/program-casa-pariurilor/,,4.5,12,22,10,3.52,5.41,1.89,0,4,6,2,program casa pariurilor azi,program casa pariurilor azi,80,80,6,4,2,
https://biletu-zilei.com/metode-contact-cazino/vlad-cazino-contact/,,,27,22,-5,39.70,32.33,-7.37,,3,3,,vlad cazino contact,vlad cazino contact,200,150,4,5,-1,
https://biletu-zilei.com/metode-plata/superbet-depunere-retragere/,,4.5,11,22,11,12.40,30.01,17.62,39,5,11,6,retragere superbet,retragere superbet,90,80,8,7,1,
https://biletu-zilei.com/metode-contact-cazino/princess-casino-contact/,,,17,22,5,24.23,27.17,2.94,,1,2,1,princess casino contact,princess casino contact,800,800,11,11,0,
https://biletu-zilei.com/recenzii/magic-jackpot-pareri/,,,17,22,5,32.43,40.64,8.21,,2,2,,magic jackpot pareri,magicjackpot pareri,90,30,2,1,,
https://biletu-zilei.com/recenzii/pareri-superbet/,,8,14,22,8,34.98,56.54,21.56,9,2,2,,pareri superbet,pareri superbet,100,100,5,2,3,
https://biletu-zilei.com/loterii-internationale/loto-grecia-6-49/,,,7,21,14,1.31,4.00,2.69,,2,2,,loto grecia 6/49,loto grecia 6/49,200,200,10,5,5,
https://biletu-zilei.com/loterii-internationale/loto-finlanda-7-40/,,,18,21,3,0.01,0.05,0.04,,4,3,-1,loto finlanda 7/40,loto finlanda 7/40,200,200,6,5,1,
https://biletu-zilei.com/bonus-aniversar/stanleybet-bonus-de-ziua-ta/,,4.4,10,21,11,17.14,26.41,9.26,159,2,4,2,bonus de ziua ta,bonus de ziua ta,400,450,12,11,1,
https://biletu-zilei.com/recenzii/888casino-pareri/,,,14,21,7,50.93,79.57,28.65,,2,1,-1,888 casino pareri,888 casino pareri,200,200,5,3,2,
https://biletu-zilei.com/metode-contact-cazino/publicwin-contact/,,,16,20,4,2.32,3.16,0.84,,5,5,,publicwin contact,publicwin contact,100,100,3,2,1,
https://biletu-zilei.com/ponturi-fotbal-anglia-premier-league/,,,12,20,8,,,,,1,2,1,ponturi premier league,ponturi premier league,150,150,5,3,2,
https://biletu-zilei.com/scoala-de-pariuri/20-de-scheme-la-pariuri-una-din-ele-poate-fi-castigatoare-pentru-tine/,,,22,20,-2,1.95,2.44,0.49,,4,5,1,scheme inteligente pariuri,scheme inteligente pariuri,80,80,2,4,-2,
https://biletu-zilei.com/aplicatii-jocuri-de-noroc/stanleybet-aplicatie/,,4.4,21,20,-1,10.55,10.90,0.35,0,4,4,,stanleybet aplicatie,stanleybet aplicatie,200,200,7,7,0,
https://biletu-zilei.com/aplicatii-jocuri-de-noroc/winbet-app/,,,16,20,4,9.29,17.08,7.79,,3,4,1,winbet aplicatie,winbet aplicatie,300,200,8,8,0,
https://biletu-zilei.com/tutoriale/winner-creare-cont/,New,4.4,,20,20,,13.96,13.96,0,,2,2,,cont winner,,150,,2,,
https://biletu-zilei.com/coduri-bonus/cod-bonus-la-casa-de-pariuri-online-stanleybet/,,4.6,2,20,18,1.75,30.04,28.29,164,1,4,3,cod bonus stanleybet 33 lei,cod bonus stanleybet,50,200,7,6,,
https://biletu-zilei.com/agentii-stradale-de-pariuri/agentii-fortuna/,,,18,20,2,9.83,10.12,0.29,,8,7,-1,agenții efortuna,agenții efortuna,150,150,5,5,0,
https://biletu-zilei.com/loterii-internationale/austria-zahlen-5-90/,,4.4,9,20,11,0.78,1.84,1.06,0,3,7,4,austria 5 din 90 zilele de extrageri,stanleybet loto austria 5 90,70,50,6,4,,
https://biletu-zilei.com/ponturi-fotbal-europa-league/,,,4,20,16,1.71,8.16,6.45,,3,3,,ponturi pariuri europa league,ponturi pariuri europa league,150,150,10,3,7,
https://biletu-zilei.com/loterii-internationale/scheme-reduse-joker/,,,10,20,10,12.44,12.44,,,1,4,3,care este cea mai buna schema redusa la joker,schema redusa joker cod 35,200,150,8,6,,
https://biletu-zilei.com/recenzii/betfair-pareri/,,,9,19,10,26.46,52.20,25.74,,1,1,,betfair pareri,betfair pareri,100,100,5,2,3,
https://biletu-zilei.com/loterii-internationale/loto-5-din-40-prezentare-sfaturi-utile-si-rezultate/,,,9,19,10,2.94,9.11,6.17,,5,7,2,loto 5/40 regulament,cat castigi cu 3 numere la loto 5 din 40,100,700,5,15,,
https://biletu-zilei.com/scoala-de-pariuri/ce-inseamna-psf-la-pariuri/,,,11,19,8,,,,,3,3,,ce inseamna psfx,ce inseamna psfx,40,40,3,1,2,
https://biletu-zilei.com/tutoriale/inregistrare-superbet/,,4.5,13,19,6,11.10,21.71,10.61,84,6,7,1,superbet logare,superbet inregistrare,600,900,15,13,,
https://biletu-zilei.com/scoala-de-pariuri/1x-2-la-pariuri/,,,5,19,14,1.54,6.81,5.28,,1,3,2,ce inseamna 1x la pariuri,ce inseamna 1x la pariuri,200,200,12,6,6,
https://biletu-zilei.com/metode-plata/cum-depun-bani-la-betano/,,,13,19,6,17.00,26.95,9.96,,6,6,,betano retragere,betano retragere,150,150,8,6,2,
https://biletu-zilei.com/bonus-aniversar,New,0,,19,19,,26.62,26.62,0,,1,1,,casa pariurilor bonus de ziua ta,,50,,1,,
https://biletu-zilei.com/rotiri-gratuite-cazino/admiral-rotiri-gratuite/,New,,,19,19,,42.55,42.55,,,3,3,,admiral bonus,,150,,6,,
https://biletu-zilei.com/blog-pariuri-cazino/pariu-sansa-casa-pariurilor/,,4.4,18,18,,11.36,11.36,0.00,0,1,2,1,pariu sansa casa pariurilor,pariu sansa casa pariurilor,200,200,5,5,0,
https://biletu-zilei.com/recenzii/conticazino-pareri/,,,5,18,13,14.06,53.65,39.59,,2,1,-1,conti casino pareri,conti casino pareri,100,100,8,2,6,
https://biletu-zilei.com/rotiri-gratuite-cazino/888-casino-bonus-fara-depunere/,,,2,18,16,2.42,21.38,18.97,,1,2,1,888 casino rotiri gratuite,888 casino bonus fara depunere,450,2000,18,15,,
https://biletu-zilei.com/autoexcludere/stergere-cont-betano/,,,14,18,4,13.66,17.08,3.42,,3,3,,stergere cont betano,stergere cont betano,70,70,3,2,1,
https://biletu-zilei.com/loterii-internationale/loto-germania-649/,,,6,18,12,1.18,4.24,3.06,,3,6,3,ce castigi cu 2 numere loto 6 din 49,loto 6 din 49 germania azi,1800,400,20,10,,
https://biletu-zilei.com/agentii-stradale-de-pariuri/agentii-stanleybet/,,4.5,5,18,13,0.34,0.80,0.46,0,3,7,4,program stanleybet azi,program stanleybet azi,100,100,8,5,3,
https://biletu-zilei.com/scoala-de-pariuri/combinatii-pariuri-sigure/,,,18,17,-1,8.92,8.56,-0.36,,2,2,,combinatii pariuri sigure,combinatii pariuri sigure,40,40,1,1,0,
https://biletu-zilei.com/metode-contact-cazino/maxbet-contact/,,,21,17,-4,18.46,16.39,-2.07,,3,3,,contact maxbet,maxbet contact,150,250,5,8,,
https://biletu-zilei.com/scoala-de-pariuri/ce-inseamna-sansa-dubla-la-pariuri/,,,9,17,8,1.32,2.58,1.26,,2,3,1,ce inseamna sansa dubla,ce inseamna sansa dubla,90,90,6,3,3,
https://biletu-zilei.com/casino-online/cazinouri-care-platesc/,,,7,17,10,13.99,33.79,19.80,,1,1,,cazinouri online care platesc,cazinouri online care platesc,600,600,13,9,4,
https://biletu-zilei.com/coduri-bonus/cod-bonus-la-netbet/,New,,,17,17,,27.63,27.63,,,3,3,,cod bonus netbet,,400,,9,,
https://biletu-zilei.com/scoala-de-pariuri/abrevieri-la-pariuri-explicate/,,,16,16,,5.75,5.75,,,1,1,,ce inseamna ng la pariuri,ce inseamna ng la pariuri,40,40,1,1,0,
https://biletu-zilei.com/metode-contact-cazino/efbet-contact/,,,12,16,4,8.89,16.46,7.57,,1,2,1,efbet contact,efbet contact,30,30,1,1,0,
https://biletu-zilei.com/rotiri-gratuite-cazino/magnum-bet-rotiri-gratuite/,New,4.5,,16,16,,23.70,23.70,135,,3,3,,magnum bet 50 rotiri,,150,,7,,
https://biletu-zilei.com/autoexcludere/inchidere-cont-maxbet/,,,9,15,6,2.26,37.78,35.52,,2,3,1,stergere cont maxbet,cont maxbet,40,80,2,4,,
https://biletu-zilei.com/coduri-bonus/cod-bonus-la-unibet/,New,,,15,15,,25.11,25.11,,,2,2,,cod bonus unibet,,350,,9,,
https://biletu-zilei.com/blog-pariuri-cazino/excelbet-verificare-bilet/,,,10,15,5,6.74,9.71,2.97,,5,7,2,scanare bilet excelbet,scanare bilet excelbet,90,90,5,3,2,
https://biletu-zilei.com/coduri-bonus/million-casino-cod-bonus/,,,4,15,11,,,,,1,1,,cod promotional million casino,cod promotional million casino,600,600,16,10,6,
https://biletu-zilei.com/tutoriale/vlad-cazino-verificare-cont/,New,,,15,15,,11.95,11.95,,,1,1,,vlad cazino autentificare,,800,,11,,
https://biletu-zilei.com/scoala-de-pariuri/strategia-easy-money/,,,15,15,,19.20,19.20,,,1,1,,easy money pariuri,easy money pariuri,80,80,3,3,0,
https://biletu-zilei.com/blog-pariuri-cazino/mozzart-verificare-bilet/,,,12,15,3,0.22,1.08,0.86,,7,7,,mozzart verificare bilet fotbal,mozzart verificare bilet fotbal,100,100,4,5,-1,
https://biletu-zilei.com/fotbal-azi-la-tv,New,,,15,15,,3.08,3.08,,,1,1,,ce meciuri sunt azi,,7300,,21,,
https://biletu-zilei.com/scoala-de-pariuri/metoda-monte-carlo-la-pariuri-sportive/,,,5,15,10,4.93,12.51,7.58,,1,2,1,pariuri matematice,pariuri matematice,150,150,8,5,3,
https://biletu-zilei.com/rotiri-gratuite-cazino/playgg-rotiri-gratuite/,,,7,14,7,29.14,59.99,30.85,,1,2,1,playgg bonus fara depunere,playgg bonus fara depunere,90,90,5,2,3,
https://biletu-zilei.com/pacanele/pacanele-admiral/,,,11,14,3,12.87,14.58,1.71,,2,3,1,jocuri ca la aparate admiral,jocuri ca la aparate admiral,70,70,5,4,1,
https://biletu-zilei.com/loterii-internationale/loto-norvegia-7-34/,,4.4,12,14,2,1.18,1.47,0.29,0,3,4,1,loto norvegia 7/34,norvegia 7/34,150,150,9,9,,
https://biletu-zilei.com/loterii-internationale/loto-6-49-descrierea-biletului-de-joc/,,,7,14,7,0.28,1.21,0.93,,5,8,3,bilet loto 6/49 pret,pret bilet 6/49,100,50,10,5,,
https://biletu-zilei.com/coduri-bonus/player-casino-cod-bonus/,New,4.5,,14,14,,15.42,15.42,163,,2,2,,cod bonus player,,400,,10,,
https://biletu-zilei.com/coduri-bonus/slotv-cod-promo/,,4.5,7,14,7,17.91,33.21,15.30,0,3,3,,cod promo slotv,cod promo slotv,100,100,9,5,4,
https://biletu-zilei.com/agentii-stradale-de-pariuri/real-bet-verificare-bilet/,,,19,13,-6,12.66,7.50,-5.16,,4,3,-1,verificare bilet bet,verificare bilet real bet,450,50,13,2,,
https://biletu-zilei.com/scoala-de-pariuri/ce-inseamna-play-off/,,4.4,24,13,-11,,0.02,0.02,1,2,3,1,ce inseamna play off,ce inseamna play off,100,40,3,2,1,
https://biletu-zilei.com/blog-pariuri-cazino/betfair-exchange/,New,,,13,13,,21.95,21.95,,,1,1,,betfair exchange,,1300,,13,,
https://biletu-zilei.com/loterii-internationale/loto-irlanda-6-47/,,,8,13,5,0.15,0.39,0.23,,2,3,1,irlanda 6/47,irlanda 6/47,150,150,7,6,1,
https://biletu-zilei.com/blog-pariuri-cazino/meci-amanat-superbet/,,,10,13,3,7.52,9.40,1.88,,1,2,1,meci amanat superbet,meci amanat superbet,50,50,3,2,1,
https://biletu-zilei.com/scoala-de-pariuri/bilete-pariuri-tip-sistem-cum-se-calculeaza-castigul/,,,7,13,6,2.91,5.47,2.56,,1,1,,calculator sistem pariuri,calculator sistem pariuri,100,100,7,5,2,
https://biletu-zilei.com/coduri-bonus/cod-promotie-888/,,,17,13,-4,10.84,12.26,1.42,,3,2,-1,cod promotie 888 casino,cod promotie 888 casino,80,100,3,3,0,
https://biletu-zilei.com/metode-plata/retragere-netbet/,,,9,13,4,6.20,8.92,2.73,,2,2,,retragere netbet,retragere netbet,150,150,7,7,0,
https://biletu-zilei.com/loterii-internationale/cele-mai-norocoase-numere/,,,2,13,11,0.01,1.68,1.68,,2,6,4,cele mai norocoase numere din lume,cele mai norocoase numere din lume,20,20,6,2,4,
https://biletu-zilei.com/scoala-de-pariuri/ce-inseamna-dnb-la-pariuri/,,,4,13,9,1.11,3.90,2.79,,3,3,,ce inseamna dnb la pariuri,ce inseamna dnb la pariuri,60,60,8,2,6,
https://biletu-zilei.com/scoala-de-pariuri/cum-joc-sistem-la-pariuri/,,,11,13,2,6.76,9.09,2.33,,4,4,,ce inseamna sistem la pariuri,pariu sistem superbet,150,70,11,5,,
https://biletu-zilei.com/recenzii/pareri-fortuna/,,,16,12,-4,18.66,23.18,4.52,,2,2,,forum fortuna,forum fortuna,300,200,9,6,3,
https://biletu-zilei.com/loterii-internationale/loto-sua-mega-millions-5-70/,,,1,12,11,0.58,3.78,3.20,,1,3,2,loto mega millions 5/70,loto mega millions 5/70,500,600,20,12,8,
https://biletu-zilei.com/coduri-bonus/cod-bonus-playgg/,,,3,12,9,7.50,36.96,29.46,,1,3,2,playgg bonus,playgg bonus,50,50,6,2,4,
https://biletu-zilei.com/scoala-de-pariuri/ce-inseamna-sc1-sc2/,,,11,12,1,3.92,3.54,-0.37,,6,6,,cote superbet,ce inseamna sc,450,60,16,4,,
https://biletu-zilei.com/metode-contact-cazino/fortuna-contact/,,,3,12,9,3.97,7.85,3.88,,2,4,2,contact fortuna,efortuna contact,70,90,11,6,,
https://biletu-zilei.com/blog-pariuri-cazino/superbet-superprono/,,,3,12,9,4.29,19.35,15.06,,3,5,2,superprono superbet rezultate,superprono superbet,40,100,6,6,,
https://biletu-zilei.com/casino-online/cazinouri-toppay/,New,,,12,12,,,,,,1,1,,casino toppay,,200,,6,,
https://biletu-zilei.com/ponturi-fotbal-germania-bundesliga/,New,,,11,11,,,,,,1,1,,ponturi bundesliga,,80,,2,,
https://biletu-zilei.com/tutoriale/netbet-inregistrare/,New,,,11,11,,54.57,54.57,,,2,2,,netbet inregistrare,,200,,8,,
https://biletu-zilei.com/loterii-internationale/loto-canada-lottomax-7-50/,,,9,11,2,,,,,1,2,1,loto canada 7/50,loto canada 7/50,80,80,3,3,0,
https://biletu-zilei.com/ponturi-fotbal-liga-campionilor/,,,8,11,3,0.44,1.95,1.51,,3,4,1,ponturi pariuri champions league,ponturi pariuri champions league,150,150,8,7,1,
https://biletu-zilei.com/bonus-aniversar/,,9,24,11,-13,25.78,10.93,-14.85,167,3,4,1,bonus aniversar casino,bonus aniversar casino,4900,4600,18,23,-5,
https://biletu-zilei.com/tutoriale/maxbet-verificare-cont/,,,7,11,4,8.94,13.97,5.03,,1,1,,maxbet verificare cont,maxbet verificare cont,80,80,4,2,2,
https://biletu-zilei.com/coduri-bonus/seven-cod-bonus/,New,,,11,11,,8.33,8.33,,,1,1,,cod bonus seven casino,,150,,5,,
https://biletu-zilei.com/loterii-internationale/loto-sua-connecticut-cash-5-35/,,4.5,1,11,10,0.00,1.58,1.58,0,2,4,2,loto connecticut cash,connecticut cash,50,100,10,6,,
https://biletu-zilei.com/scoala-de-pariuri/ce-inseamna-peste-sub-0-5-goluri/,,,7,10,3,,,,,4,4,,ce inseamna peste 0.5 goluri,ce inseamna peste 0.5 goluri,100,100,8,6,2,
https://biletu-zilei.com/loterii-internationale/loto-croatia-6-45/,New,,,10,10,,5.41,5.41,,,1,1,,loto croatia 6/45,,150,,6,,
https://biletu-zilei.com/tutoriale/gets-bet-inregistrare/,,4.4,8,10,2,15.00,20.22,5.23,71,2,2,,cont gets bet,cont gets bet,100,100,6,5,1,
https://biletu-zilei.com/pacanele/jocuri-maxbet-casino/,New,,,10,10,,12.56,12.56,,,1,1,,maxbet pacanele,,200,,7,,
https://biletu-zilei.com/recenzii/maxbet-pareri/,,,10,10,,20.33,20.33,,,1,2,1,maxbet pareri,maxbet pareri,50,50,2,2,0,
https://biletu-zilei.com/rotiri-gratuite-cazino/slotv-rotiri-gratuite/,,,4,10,6,2.99,8.00,5.00,,1,2,1,slotv bonus fara depunere,slotv bonus fara depunere,150,150,10,7,3,
https://biletu-zilei.com/coduri-bonus/winner-cod-bonus/,,,1,10,9,3.31,17.05,13.74,,1,7,6,cod voucher winner,cod bonus winner,20,100,7,6,,
https://biletu-zilei.com/metode-plata/retragere-winmasters/,,,10,10,,11.66,11.66,0.00,,1,1,,winmasters retragere,winmasters retragere,100,100,4,4,0,
https://biletu-zilei.com/recenzii/favbet-pareri/,,,4,10,6,8.08,20.10,12.02,,1,1,,favbet pareri,favbet pareri,100,100,8,4,4,
https://biletu-zilei.com/rotiri-gratuite-cazino/napoleon-casino-bonus-fara-depunere/,,4.4,3,10,7,2.14,8.16,6.01,0,1,1,,napoleon casino bonus fara depunere,napoleon casino bonus fara depunere,2400,2400,24,18,6,
https://biletu-zilei.com/scoala-de-pariuri/1x-x2-12/,,4.4,7,10,3,4.06,5.96,1.91,0,3,3,,ce inseamna 12 la pariuri,ce inseamna 12 la pariuri,100,100,10,8,2,
https://biletu-zilei.com/pariuri-virtuale/lucky-six-casa-pariurilor/,,,3,10,7,4.78,13.91,9.13,,1,2,1,casa pariurilor lucky six,casa pariurilor lucky six,450,450,16,11,5,
https://biletu-zilei.com/agentii-stradale-de-pariuri/mozzart-agentii/,,,10,10,,1.12,1.12,0.00,,5,4,-1,agentii mozzart,agentii mozzart,60,60,2,2,0,
https://biletu-zilei.com/case-de-pariuri/case-de-pariuri-deschise-non-stop/,New,,,10,10,,7.53,7.53,,,1,1,,case de pariuri deschise azi,,70,,2,,
https://biletu-zilei.com/scoala-de-pariuri/ce-inseamna-gg-sau-3/,,4.5,6,10,4,,0.95,0.95,0,1,5,4,gg sau peste 2.5 goluri,gg sau peste 2.5 goluri,40,40,3,3,0,
https://biletu-zilei.com/pacanele/jocuri-casa-pariurilor/,New,,,9,9,,5.10,5.10,,,1,1,,casa pariurilor demo,,200,,7,,
https://biletu-zilei.com/scoala-de-pariuri/remi/,,,3,9,6,0.07,0.17,0.10,,5,5,,remi reguli,reguli remi,350,800,18,12,,
https://biletu-zilei.com/tutoriale/verificare-cont-superbet/,,,3,9,6,4.66,13.38,8.72,,3,3,,verificare cont superbet,verificare cont superbet,60,60,9,4,5,
https://biletu-zilei.com/metode-contact-cazino/contact-powerbet/,,,9,9,,3.13,3.13,,,1,1,,power bet contact,power bet contact,100,100,4,4,0,
https://biletu-zilei.com/recenzii/pareri-publicwin/,,,6,9,3,6.41,10.02,3.61,,1,1,,publicwin pareri,publicwin pareri,60,60,4,2,2,
https://biletu-zilei.com/tutoriale/unibet-inregistrare/,New,,,9,9,,30.87,30.87,,,2,2,,unibet inregistrare,,150,,6,,
https://biletu-zilei.com/coduri-bonus/cum-iei-bonusul-la-publicwin/,New,4.5,,9,9,,8.71,8.71,140,,1,1,,publicwin bonus fara depunere,,300,,9,,
https://biletu-zilei.com/coduri-bonus/mr-bit-cod-promo/,New,,,9,9,,16.75,16.75,,,3,3,,cod promotional mr bit,,250,,10,,
https://biletu-zilei.com/blog-pariuri-cazino/admiralbet-verificare-bilet/,,,7,9,2,6.73,8.11,1.38,,7,10,3,admiral verificare bilet,tip cash verificare bilet,20,40,3,3,,
https://biletu-zilei.com/coduri-bonus/efbet-cod-promotional/,,,7,9,2,32.78,40.98,8.20,,1,1,,cod promotional efbet,cod promotional efbet,60,60,3,2,1,
https://biletu-zilei.com/rotiri-gratuite-cazino/lucky-seven-bonus-fara-depunere-rotiri-gratuite/,,4.5,3,8,5,3.34,5.99,2.65,161,1,2,1,seven bonus fara depunere,lucky seven rotiri gratuite,150,600,10,15,,
https://biletu-zilei.com/rotiri-gratuite-cazino/netbet-bonus-fara-depunere/,,,0,8,8,0.05,11.86,11.81,,1,2,1,netbet rotiri gratuite,netbet bonus fara depunere,1000,1300,40,18,,
https://biletu-zilei.com/blog-pariuri-cazino/sansa-gets-bet/,,,8,8,,4.72,4.72,,,1,1,,sansa 200 gets bet,sansa 200 gets bet,50,50,2,2,0,
https://biletu-zilei.com/scoala-de-pariuri/ce-inseamna-freebet-si-fullbet/,New,,,8,8,,22.81,22.81,,,1,1,,free bet,,200,,8,,
https://biletu-zilei.com/casino-online/top-paypal-casino/,New,,,8,8,,,,,,1,1,,paypal cazinouri,,90,,4,,
https://biletu-zilei.com/rotiri-gratuite-cazino/rotiri-gratuite-royal-casino/,New,,,8,8,,7.08,7.08,,,1,1,,royal casino bonus fara depunere,,250,,9,,
https://biletu-zilei.com/casino-online/cazinouri-isoftbet/,New,,,8,8,,,,,,1,1,,jocuri isoftbet,,150,,7,,
https://biletu-zilei.com/aplicatii-jocuri-de-noroc/gets-bet-aplicatie/,,,25,8,-17,10.67,7.57,-3.10,,2,1,-1,aplicatia gets bet,gets bet aplicatie,350,150,7,6,,
https://biletu-zilei.com/poker-online-romania/,New,,,8,8,,54.12,54.12,,,2,2,,site uri poker romania,,200,,9,,
https://biletu-zilei.com/coduri-bonus/cod-bonus-conti-casino/,New,,,8,8,,5.97,5.97,,,3,3,,cod bonus conti casino,,150,,7,,
https://biletu-zilei.com/coduri-bonus/magnumbet-cod-bonus/,,,7,8,1,7.95,10.40,2.45,,3,3,,cod bonus magnum bet,cod bonus magnum bet,50,50,4,4,0,
https://biletu-zilei.com/loterii-internationale/loto-singapore-6-49/,,,15,8,-7,1.45,1.45,,,5,2,-3,loto singapore 6/49,singapore loto 6/49,40,40,4,3,,
https://biletu-zilei.com/roata-norocului-casino/netbet-roata-norocului/,,,1,8,7,1.39,3.36,1.97,,1,4,3,roata norocoasa netbet,netbet roata norocului,30,80,7,6,,
https://biletu-zilei.com/tutoriale/cum-fac-cont-la-publicwin/,,,2,8,6,0.40,1.58,1.19,,2,2,,cont publicwin,cont publicwin,30,30,8,2,6,
https://biletu-zilei.com/scoala-de-pariuri/2-si-3-la-pariuri/,,,4,7,3,1.47,2.87,1.40,,1,1,,ce inseamna 2+ la pariuri,ce inseamna 2+ la pariuri,90,90,8,5,3,
https://biletu-zilei.com/loterii-internationale/loto-slovenia-7-39/,,,6,7,1,0.16,0.16,,,6,6,,slovenia loto 7 39 rezultate,slovenia loto 7 39 rezultate,80,80,6,7,-1,
https://biletu-zilei.com/coduri-bonus/cod-bonus-la-betfair/,New,,,7,7,,14.40,14.40,,,2,2,,betfair bonus,,150,,9,,
https://biletu-zilei.com/coduri-bonus/winboss-cod-bonus/,,,5,7,2,4.92,7.22,2.30,,2,2,,winboss cod promo,winboss cod promo,90,80,9,7,2,
https://biletu-zilei.com/rotiri-gratuite-cazino/superbet-bonus-fara-depunere/,,,18,7,-11,74.35,27.32,-47.02,,7,2,-5,superbet rotiri gratuite,superbet bonus fara depunere,1300,1400,18,18,,
https://biletu-zilei.com/blog-pariuri-cazino/salarii-superbet/,,,6,7,1,4.18,5.40,1.23,,3,3,,superbet salarii,salariu superbet,40,30,6,5,,
https://biletu-zilei.com/metode-contact-cazino/winmasters-contact/,,,9,7,-2,9.67,7.74,-1.93,,1,1,,winmasters contact,winmasters contact,200,200,7,8,-1,
https://biletu-zilei.com/roata-norocului-casino/roata-norocului-32rosu-casino/,New,,,6,6,,3.52,3.52,,,1,1,,roata norocului casino,,1400,,18,,
https://biletu-zilei.com/coduri-bonus/cod-bonus-gets-bet/,New,,,6,6,,6.03,6.03,,,1,1,,cod bonus gets bet,,250,,10,,
https://biletu-zilei.com/coduri-bonus/favbet-cod-bonus/,,,9,6,-3,12.20,15.49,3.28,,1,1,,favbet cod promo,cod promo favbet,350,250,10,10,,
https://biletu-zilei.com/autoexcludere/inchidere-cont-casa-pariurilor/,,,6,6,,5.06,5.74,0.68,,2,2,,inchidere cont casa pariurilor,stergere cont casa pariurilor,30,40,4,4,,
https://biletu-zilei.com/recenzii/mozzart-bet-pareri/,New,8,,6,6,,9.14,9.14,159,,3,3,,bonus mozzart,,40,,4,,
https://biletu-zilei.com/scoala-de-pariuri/ce-inseamna-h1-si-1-5-h2-la-superbet/,,,6,6,,,,,,1,1,,handicap - 1.5,handicap - 1.5,20,20,1,1,0,
https://biletu-zilei.com/recenzii/betano-pareri/,,,6,6,,12.97,13.30,0.33,,2,2,,pareri betano,pareri betano,150,150,10,10,0,
https://biletu-zilei.com/coduri-bonus/pokerstars-casino-cod-bonus/,,,0,6,6,0.00,31.02,31.02,,1,2,1,cod bonus pokerstars,bonus pokerstars,100,150,9,8,,
https://biletu-zilei.com/blog-pariuri-cazino/bilet-castigator-superbet/,,,5,5,,2.44,2.57,0.12,,3,3,,bilet castigator superbet,bilet castigator superbet,100,100,7,7,0,
https://biletu-zilei.com/tutoriale/las-vegas-inregistrare/,New,,,5,5,,3.59,3.59,,,1,1,,las vegas cont,,60,,4,,
https://biletu-zilei.com/scoala-de-pariuri/turnee-de-grand-slam-care-sunt-si-cand-au-loc/,,,3,5,2,,,,,3,4,1,turneu de mare slem,turnee grand slam,20,60,4,9,,
https://biletu-zilei.com/coduri-bonus/mozzart-bet-cod-bonus/,,,5,5,,7.98,7.98,0.00,,3,2,-1,cod bonus mozzart,cod bonus mozzart,70,70,5,5,0,
https://biletu-zilei.com/blog-pariuri-cazino/lucky-loser-fortuna/,,,2,5,3,,,,,1,1,,lucky loser fortuna,lucky loser fortuna,10,10,2,1,1,
https://biletu-zilei.com/rotiri-gratuite-cazino/fortuna-rotiri-gratuite/,New,,,5,5,,7.25,7.25,,,2,2,,fortuna rotiri gratuite,,500,,16,,
https://biletu-zilei.com/blog-pariuri-cazino/superbet-cashout/,,,4,5,1,4.44,6.49,2.05,,3,3,,cash out superbet,cash out superbet,60,60,7,5,2,
https://biletu-zilei.com/tutoriale/casa-pariurilor-verificare-cont/,,4.5,5,5,,4.84,4.38,-0.46,0,2,2,,verificare cont casa pariurilor,verificare cont casa pariurilor,150,150,9,9,0,
https://biletu-zilei.com/recenzii/luck-casino-pareri/,,,223,5,-218,138.42,5.97,-132.45,,2,2,,luk casino,luck casino pareri,7100,150,9,9,,
https://biletu-zilei.com/scoala-de-pariuri/ponturi-baseball-regulile-jocului-si-sfaturi-utile-pentru-pariori/,,,4,5,1,,,,,2,2,,reguli baseball,reguli baseball,40,40,7,7,0,
https://biletu-zilei.com/metode-plata/winner-depunere-retragere/,,,2,5,3,2.44,4.76,2.32,,2,2,,cat dureaza o retragere la winner,cat dureaza o retragere la winner,100,100,10,7,3,
https://biletu-zilei.com/rotiri-gratuite-cazino/mozzart-rotiri-gratuite/,New,,,4,4,,3.56,3.56,,,1,1,,mozzart bonus fara depunere,,150,,10,,
https://biletu-zilei.com/aplicatii-jocuri-de-noroc/magnumbet-aplicatie/,,,4,4,,6.24,6.24,,,1,1,,magnum bet aplicatie,magnum bet aplicatie,100,100,9,9,0,
https://biletu-zilei.com/jocuri-pacanele-online/joc-aviator/,New,,,4,4,,11.38,11.38,,,2,2,,aviator superbet,,50,,7,,
https://biletu-zilei.com/scoala-de-pariuri/durata-meci-volei/,,,4,4,,,,,,1,1,,cat dureaza un meci de volei,cat dureaza un meci de volei,100,100,9,9,0,
https://biletu-zilei.com/scoala-de-pariuri/dimensiuni-teren-fotbal/,,,3,4,1,,0.79,0.79,,3,2,-1,cati metri are o poarta de fotbal,cati metri are un teren de fotbal,70,200,6,12,,
https://biletu-zilei.com/metode-plata/magic-jackpot-retragere-bani/,,,5,4,-1,9.86,7.88,-1.97,,1,1,,magic jackpot retragere,magic jackpot retragere,40,40,2,3,-1,
https://biletu-zilei.com/scoala-de-pariuri/12-sfaturi-practice-pentru-a-castiga-la-pariuri-sportive/,,,2,4,2,0.81,3.36,2.55,,1,4,3,forum pariuri sportive,forum pariuri sportive,60,60,9,9,0,
https://biletu-zilei.com/loterii-internationale/loto-letonia-5-35/,,,4,4,,0.83,0.83,,,2,2,,letonia 5/35,letonia 5/35,40,40,4,4,0,
https://biletu-zilei.com/pacanele/netbet-pacanele/,,,6,4,-2,2.49,1.69,-0.80,,3,3,,netbet demo,netbet demo,50,50,5,6,-1,
https://biletu-zilei.com/scoala-de-pariuri/durata-meci-baseball/,,,4,4,,,,,,1,1,,cat dureaza un meci de baseball,cat dureaza un meci de baseball,30,30,3,3,0,
https://biletu-zilei.com/rotiri-gratuite-cazino/rotiri-gratuite-maxbet/,,,0,4,4,0.54,8.20,7.65,,1,2,1,maxbet rotiri gratuite,maxbet rotiri gratuite,700,600,29,17,12,
https://biletu-zilei.com/scoala-de-pariuri/cum-pariaza-un-profesionist/,,,4,4,,2.01,2.07,0.06,,1,1,,pariori profesionisti,pariori profesionisti,20,20,2,2,0,
https://biletu-zilei.com/coduri-bonus/cod-bonus-la-admiral/,,,3,4,1,3.22,4.27,1.05,,1,1,,cod bonus admiral,cod bonus admiral,50,50,6,4,2,
https://biletu-zilei.com/rotiri-gratuite-cazino/las-vegas-bonus-fara-depunere/,,,2,4,2,1.94,12.81,10.87,,2,1,-1,las vegas rotiri gratuite,bonus fara depunere las vegas,1100,150,25,10,,
https://biletu-zilei.com/scoala-de-pariuri/pariuri-sigure/,,,3,4,1,2.74,4.28,1.54,,1,1,,arbitrage betting romania,arbitrage betting romania,30,30,4,2,2,
https://biletu-zilei.com/tutoriale/creare-cont-stanleybet/,,,6,4,-2,5.29,6.84,1.55,,2,2,,stanleybet logare,stanleybet inregistrare,40,30,3,6,,
https://biletu-zilei.com/bonus-aniversar/bonus-de-ziua-ta-unibet/,,,3,3,,6.00,6.00,,,1,1,,bonus de ziua ta unibet,bonus de ziua ta unibet,20,20,2,2,0,
https://biletu-zilei.com/promotii/bonus-casino-online/calendar-craciun-casino/,New,,,3,3,,,,,,1,1,,calendar craciun casino,,90,,9,,
https://biletu-zilei.com/rotiri-gratuite-cazino/princess-casino-rotiri-gratuite/,,,0,3,3,0.69,5.27,4.58,,1,3,2,princess casino rotiri gratuite,princess casino bonus fara depunere,1100,400,29,16,,
https://biletu-zilei.com/rotiri-gratuite-cazino/bonus-fara-depunere-bilion/,New,,,3,3,,2.90,2.90,,,1,1,,billion casino,,2500,,23,,
https://biletu-zilei.com/autoexcludere/mozzartbet-inchidere-cont/,New,,,3,3,,2.53,2.53,,,1,1,,mozzart cont,,30,,3,,
https://biletu-zilei.com/pariul-sansa/,,4.5,3,3,,0.83,0.96,0.13,183,2,2,,pariu sansa total bet,pariu sansa total bet,20,20,3,4,-1,
https://biletu-zilei.com/scoala-de-pariuri/pariuri-x-sfaturi-utile-pentru-cei-care-vor-sa-parieze-pe-egalitate/,New,,,3,3,,1.09,1.09,,,1,1,,ce inseamna x la pariuri,,150,,12,,
https://biletu-zilei.com/roata-norocului-casino/las-vegas-wonder-wheel/,New,,,3,3,,2.30,2.30,,,1,1,,las vegas wonder wheel,,30,,3,,
https://biletu-zilei.com/freebet/free-bet-winner/,,,4,3,-1,3.81,3.05,-0.76,,1,1,,free bet winner,free bet winner,70,70,6,7,-1,
https://biletu-zilei.com/metode-plata/888casino-depunere-retragere/,,,3,3,,4.69,4.69,,,1,1,,888 casino retragere,888 casino retragere,40,40,5,5,0,
https://biletu-zilei.com/metode-plata/princess-casino-retragere/,New,,,3,3,,2.35,2.35,,,1,1,,retragere princess casino,,150,,10,,
https://biletu-zilei.com/metode-contact-cazino/magnum-bet-contact/,,,3,3,,1.06,1.06,,,1,1,,magnum bet contact,magnum bet contact,100,100,9,9,0,
https://biletu-zilei.com/metode-contact-cazino/unibet-contact/,New,5,,3,3,,2.02,2.02,40,,2,2,,unibet live chat,,70,,8,,
https://biletu-zilei.com/aplicatii-jocuri-de-noroc/princess-casino-aplicatie/,New,,,3,3,,4.21,4.21,,,1,1,,princess casino aplicatie,,100,,9,,
https://biletu-zilei.com/metode-contact-cazino/stanleybet-contact/,New,,,3,3,,1.22,1.22,,,1,1,,stanleybet contact,,150,,11,,
https://biletu-zilei.com/metode-contact-cazino/pokerstars-contact/,New,,,2,2,,2.15,2.15,,,1,1,,pokerstars contact,,70,,10,,
https://biletu-zilei.com/blog-pariuri-cazino/verificare-bilet-las-vegas/,,,0,2,2,0.20,1.89,1.68,,1,1,,verificare card las vegas,verificare card las vegas,900,700,31,20,11,
https://biletu-zilei.com/case-de-pariuri/bonus-pariuri-fara-depunere/,,,2,2,,7.33,7.33,,,1,1,,case pariuri bonus fara depunere,case pariuri bonus fara depunere,80,80,10,10,0,
https://biletu-zilei.com/rotiri-gratuite-cazino/luck-casino-rotiri-gratuite/,New,4.5,,2,2,,2.44,2.44,46,,1,1,,luck casino bonus fara depunere,,250,,14,,
https://biletu-zilei.com/agentii-stradale-de-pariuri/river-bet/,,,0,2,2,0.00,1.57,1.57,,3,7,4,riverbet,river bet pariuri sportive,10,20,6,3,,
https://biletu-zilei.com/scoala-de-pariuri/impozitul-la-pariuri-online-vs-offline/,New,,,2,2,,1.14,1.14,,,1,1,,impozit pariuri superbet,,60,,10,,
https://biletu-zilei.com/loterii-internationale/bile-pariuri/,,,0,2,2,,,,,1,2,1,numere castigatoare la bile,cele mai norocoase numere la bile,0,50,6,7,,
https://biletu-zilei.com/loterii-internationale/loto-marea-britanie-6-59/,,,2,2,,,,,,1,1,,loto marea britanie 6 59,loto marea britanie 6 59,60,60,10,10,0,
https://biletu-zilei.com/calculator-sure-bets/,New,4.5,,2,2,,0.70,0.70,0,,1,1,,calculator pariuri sigure,,80,,10,,
https://biletu-zilei.com/despre-noi/,New,,,2,2,,1.24,1.24,,,1,1,,pontul zilei chirila,,70,,9,,
https://biletu-zilei.com/rotiri-gratuite-cazino/magic-jackpot-rotiri-gratuite/,,,5,2,-3,5.94,2.39,-3.55,,3,2,-1,magic jackpot rotiri gratuite fara depunere,rotiri gratuite fara depunere magic jackpot,100,50,10,10,,
https://biletu-zilei.com/rotiri-gratuite-cazino/vlad-cazino-rotiri-gratuite/,,,0,2,2,0.63,2.66,2.03,,1,3,2,vlad cazino bonus fara depunere,vlad cazino rotiri gratuite fara depunere,800,1000,28,25,,
https://biletu-zilei.com/recenzii/magnumbet-pareri/,,,1,2,1,0.83,1.30,0.47,,1,1,,magnum bet pareri,magnum bet pareri,30,30,8,6,2,
https://biletu-zilei.com/roata-norocului-casino/superspin-superbet/,,,0,2,2,0.00,3.13,3.13,,1,3,2,superspin,roata norocului superbet,600,40,25,7,,
https://biletu-zilei.com/loterii-internationale/cum-castigi-loto-649/,New,,,1,1,,0.09,0.09,,,1,1,,vreau sa castig la loto 6 49,,30,,10,,
https://biletu-zilei.com/rotiri-gratuite-cazino/player-casino-rotiri-gratuite/,,4.5,0,1,1,0.67,0.99,0.32,153,1,1,,player bonus fara depunere,player bonus fara depunere,350,350,24,22,2,
https://biletu-zilei.com/metode-plata/maxbet-depunere-retragere/,,,1,1,,1.49,1.49,,,1,1,,retragere maxbet,retragere maxbet,40,40,8,8,0,
https://biletu-zilei.com/freebet/betano-free-bet/,,,1,1,,2.84,2.84,,,1,1,,betano free bet,betano free bet,30,30,9,9,0,
https://biletu-zilei.com/rotiri-gratuite-cazino/mr-bit-rotiri-gratuite/,,,1,1,,2.09,2.31,0.22,,2,1,-1,mr bit bonus fara depunere,mr bit bonus fara depunere,400,400,21,19,2,
https://biletu-zilei.com/recenzii/frank-casino-pareri/,,,0,1,1,0.67,2.51,1.84,,1,1,,frank casino pareri,frank casino pareri,10,10,5,3,2,
https://biletu-zilei.com/autoexcludere/,,,1,1,,0.08,0.54,0.47,,1,1,,autoexcludere jocuri de noroc,autoexcludere jocuri de noroc online,2700,1200,29,26,,
https://biletu-zilei.com/tutoriale/verificare-cont-gets-bet/,New,4.4,,1,1,,0.56,0.56,102,,3,3,,verificare bilet gets bet,,900,,28,,
https://biletu-zilei.com/rotiri-gratuite-cazino/rotiri-gratuite-betmen/,,,1,1,,1.01,1.01,,,1,1,,betmen rotiri gratuite,betmen rotiri gratuite,600,600,24,24,0,
https://biletu-zilei.com/ponturi-baseball-mlb/,,,3,1,-2,3.64,1.87,-1.78,,1,1,,ponturi baseball,ponturi baseball,60,60,7,10,-3,
https://biletu-zilei.com/rotiri-gratuite-cazino/winmasters-rotiri-gratuite/,,,0,1,1,0.00,0.17,0.17,,1,1,,winmasters bonus fara depunere,winmasters bonus fara depunere,600,500,44,23,21,
https://biletu-zilei.com/rotiri-gratuite-cazino/winner-rotiri-gratuite/,New,,,1,1,,2.14,2.14,,,2,2,,winner bonus fara depunere,,600,,23,,
https://biletu-zilei.com/loterii-internationale/cum-sa-castigi-la-loto/,New,,,1,1,,,,,,1,1,,strategii loto,,20,,9,,
https://biletu-zilei.com/casino-online/cazinouri-bani-reali/,New,,,1,1,,0.81,0.81,,,1,1,,table pe bani reali,,30,,10,,
https://biletu-zilei.com/aplicatii-jocuri-de-noroc/pokerstars-casino-app/,New,,,1,1,,3.60,3.60,,,2,2,,pokerstars romania download,,30,,9,,
https://biletu-zilei.com/scoala-de-pariuri/interval-total-goluri-ce-inseamna-si-unde-poti-juca/,,,1,1,,,,,,1,1,,interval goluri 1-3,interval goluri 1-3,30,30,10,10,0,
https://biletu-zilei.com/recenzii/gets-bet-pareri/,,,0,1,1,0.42,1.22,0.80,,1,1,,gest bets,get's bet pariuri,800,450,27,21,,
https://biletu-zilei.com/scoala-de-pariuri/ponturi-pariuri-ce-inseamna-castiga-oricare-repriza/,,,1,1,,,,,,2,1,-1,repriza,repriza,40,40,8,8,0,
https://biletu-zilei.com/rotiri-gratuite-cazino/winbet-rotiri-gratuite/,,,0,1,1,0.28,0.67,0.39,,1,1,,winbet rotiri gratuite,winbet rotiri gratuite,600,600,27,23,4,
https://biletu-zilei.com/blog-pariuri-cazino/bonus-dublu-extra-200-sansa-fortuna/,New,,,1,1,,0.55,0.55,,,1,1,,pariu sansa fortuna,,30,,10,,
https://biletu-zilei.com/casino-online/cazinouri-okto-cash/,New,,,0,,,0.27,0.27,,,1,1,,okto cash,,250,,24,,
https://biletu-zilei.com/recenzii/win2-pareri/,,,0,0,,,0.00,0.00,,1,2,1,win2.ro pareri,win2.ro,0,1100,3,13,,
https://biletu-zilei.com/recenzii/winmasters-pareri/,,,0,0,,0.07,0.07,,,1,1,,winmasters pareri,winmasters pareri,150,150,6,6,0,
https://biletu-zilei.com/jocuri-pacanele-online/pacanele-sexy/,,,0,0,,0.00,0.00,,,1,1,,pacanelesexy,pacanelesexy,0,0,9,8,1,
https://biletu-zilei.com/blog-pariuri-cazino/pariu-sansa-winner/,,,0,0,,0.00,0.00,,,1,1,,sansa winner,sansa winner,0,0,2,1,1,
https://biletu-zilei.com/scoala-de-pariuri/baschet-reguli-de-joc-si-sfaturi-pentru-pariori/,,,1,0,-1,,,,,1,1,,cat dureaza un meci de baschet,cat dureaza un meci de baschet,500,200,18,18,0,
https://biletu-zilei.com/recenzii/pareri-netbet/,New,,,0,,,0.18,0.18,,,1,1,,netbet pareri,,200,,5,,
https://biletu-zilei.com/poker-online-romania/texas-holdem/,,,0,0,,0.00,0.00,0.00,,1,1,,poker reguli,poker reguli,600,450,49,45,4,
https://biletu-zilei.com/metode-contact-cazino/mr-bit-contact/,New,,,0,,,0.00,0.00,,,1,1,,mrbit.ro,,600,,37,,
https://biletu-zilei.com/recenzii/playgg-pareri/,,,0,0,,0.00,0.00,0.00,,1,1,,playgg,playgg,900,900,17,9,8,
https://biletu-zilei.com/scoala-de-pariuri/ce-inseamna-gg/,,4.4,0,0,,0.00,,0.00,0,2,2,,ce inseamna gg,gg in oricare repriza,100,10,12,11,,
https://biletu-zilei.com/jocuri-pacanele-online/pacanele-cu-speciale/,New,,,0,,,0.22,0.22,,,1,1,,pacanele gratis cu speciale,,600,,27,,
https://biletu-zilei.com/coduri-bonus/cod-bonus-vlad-cazino/,New,4.4,,0,,,0.61,0.61,123,,1,1,,vlad cazino bonus,,350,,25,,
https://biletu-zilei.com/articole-utile-casino/cum-sa-te-lasi-de-pacanele-sfaturi-utile/,New,,,0,,,0.29,0.29,,,1,1,,cum sa te lasi de aparate,,10,,8,,
https://biletu-zilei.com/blog-pariuri-cazino/activare-cont-superbet/,,4.5,0,0,,0.00,0.09,0.09,0,1,3,2,superbet cont,superbet inregistrare,1900,900,34,32,,
https://biletu-zilei.com/recenzii/pacanele-ro-pareri/,,,4,0,-4,4.00,0.00,-4.00,,1,1,,pacanele ro,pacanele.ro,3500,90,24,9,,
https://biletu-zilei.com/tutoriale/princess-casino-inregistrare/,New,,,0,,,0.47,0.47,,,1,1,,princess casino cont,,0,,4,,
https://biletu-zilei.com/coduri-bonus/cod-bonus-betmen/,,,0,0,,0.03,0.03,,,1,1,,betmen rotiri gratuite,betmen rotiri gratuite,600,600,40,40,0,
https://biletu-zilei.com/autoexcludere/winner-inchidere-cont/,,,0,0,,0.00,0.00,,,1,1,,inchidere cont winner,inchidere cont winner,0,0,1,1,0,
https://biletu-zilei.com/recenzii/pareri-zinx-casino/,,,0,0,,,,,,1,1,,zinx,zinx,2500,2500,16,8,8,
https://biletu-zilei.com/aplicatii-jocuri-de-noroc/betano-apk/,,4.5,0,0,,0.00,0.00,0.00,0,1,2,1,betano apk,betano mobil,150,150,10,4,,
https://biletu-zilei.com/poker-ca-la-aparate/,New,4.6,,0,,,0.00,0.00,17,,1,1,,poker ca la aparate,,600,,13,,
https://biletu-zilei.com/tutoriale/favbet-verificare-cont/,New,,,0,,,0.00,0.00,,,1,1,,favbet.ro,,900,,32,,
https://biletu-zilei.com/tutoriale/prowin-inregistrare-cont/,New,,,0,,,0.00,0.00,,,1,1,,prowin,,9100,,7,,
https://biletu-zilei.com/coduri-bonus/cod-bonus-manhattan-casino/,New,,,0,,,0.08,0.08,,,1,1,,cod bonus manhattan casino,,0,,9,,
https://biletu-zilei.com/recenzii/winboss-pareri/,,,0,0,,0.00,0.00,0.00,,1,1,,winboss.ro,winboss.ro,7100,7100,14,11,3,
https://biletu-zilei.com/tutoriale/stanleybet-verificare-cont/,,4.5,10,0,-10,4.12,0.00,-4.12,0,2,2,,verificare stanleybet,stanleybet verificare bilet,100,350,4,17,,
https://biletu-zilei.com/casino-online/cazinouri-online-sloturi/,New,,,0,,,0.06,0.06,,,2,2,,cel mai bun casino online,,700,,28,,
https://biletu-zilei.com/tutoriale/winner-verificare-cont/,,,0,0,,0.00,0.11,0.11,,1,3,2,verificare winner,www.winner.ro verificare bilet,0,0,2,2,,
https://biletu-zilei.com/tutoriale/don-inregistrare/,,,0,0,,0.00,0.00,0.00,,1,1,,don.ro,don.ro,1800,1800,25,8,17,
https://biletu-zilei.com/loterii-internationale/loto-sua-powerball-5-69/,New,,,0,,,,,,,1,1,,sua powerball 5/69,,0,,7,,
https://biletu-zilei.com/tutoriale/verificare-cont-powerbet/,,,0,0,,0.10,0.10,,,1,1,,verificare bilet powerbet,verificare bilet powerbet,300,300,25,25,0,
https://biletu-zilei.com/blog-pariuri-cazino/clubul-jucatorilor-netbet/,,,0,0,,,,,,1,1,,netpuncte,netpuncte,0,0,6,4,2,
https://biletu-zilei.com/recenzii/efbet-recenzie/,,,0,0,,0.37,0.37,,,2,2,,efbet pareri,efbet pareri,0,0,2,2,0,
https://biletu-zilei.com/poker-online-romania/poker-reguli/,New,,,0,,,0.00,0.00,,,1,1,,cum se joaca poker,,500,,28,,
https://biletu-zilei.com/metode-contact-cazino/conticazino-contact/,,,0,0,,0.00,0.00,0.00,,1,2,1,conticazino.ro,conticasino.ro,1400,80,25,10,,
https://biletu-zilei.com/loterii-internationale/,,,0,0,,0.00,0.01,0.01,,1,2,1,polonia kaskada 12 din 24,loto canada 5/41,600,900,49,43,,
https://biletu-zilei.com/coduri-bonus/totogaming-cod-bonus/,,4.5,2,0,-2,1.92,0.07,-1.84,162,1,1,,totogaming bonus,totogaming bonus,1100,900,21,35,-14,
https://biletu-zilei.com/roata-norocului-casino/winners-wheel/,,,0,0,,0.00,0.00,,,1,1,,roata winner,roata winner,0,0,7,4,3,
https://biletu-zilei.com/recenzii/totogaming-pareri/,,,0,0,,0.00,0.00,0.00,,1,1,,totogaming.ro,totogaming.ro,600,600,22,18,4,
https://biletu-zilei.com/tutoriale/fortuna-inregistrare/,New,,,0,,,0.04,0.04,,,1,1,,cont fortuna,,350,,7,,
https://biletu-zilei.com/loterii-internationale/loto-canada-ontario-49-6-49/,,,0,0,,,,,,1,1,,canada 5/41 ultimele rezultate,loto wisconsin badger 5/31 rezultate,500,900,51,38,,
https://biletu-zilei.com/roata-norocului-casino/winbet-roata-norocului/,,,0,0,,0.05,0.05,,,1,1,,winbet roata norocului,winbet roata norocului,0,0,8,8,0,
https://biletu-zilei.com/recenzii/pokerstars-casino-pareri/,,,0,0,,0.43,0.43,,,2,2,,pokerstars forum,pokerstars forum,10,10,10,10,0,
https://biletu-zilei.com/tutoriale/bet365-inregistrare/,,,25,0,-25,49.64,0.54,-49.10,,3,1,-2,bet365 com romania,bet365 romania,400,150,6,8,,
https://biletu-zilei.com/recenzii/player-pareri/,Lost,0,21,,-21,5.07,,-5.07,0,1,,-1,player pariuri,,700,,9,,,
https://biletu-zilei.com/tutoriale/victory-bet-inregistrare/,Lost,0,0,,,0.00,,0.00,0,1,,-1,victorybet,,17000,,22,,,
https://biletu-zilei.com/aplicatii-jocuri-de-noroc/aplicatia-winmasters/,Lost,0,2,,-2,5.33,,-5.33,0,1,,-1,winmasters apk,,70,,9,,,
https://biletu-zilei.com/aplicatii-jocuri-de-noroc/magic-jackpot-aplicatie/,Lost,0,3,,-3,5.09,,-5.09,0,2,,-2,magic jackpot aplicatie,,40,,8,,,
https://biletu-zilei.com/recenzii/million-casino-pareri/,Lost,0,3,,-3,5.17,,-5.17,0,2,,-2,casino million online,,200,,13,,,
https://biletu-zilei.com/coduri-bonus/don-cod-bonus/,Lost,0,0,,,0.30,,-0.30,0,1,,-1,don.ro bonus fara depunere,,250,,23,,,
https://biletu-zilei.com/coduri-bonus/spin-cod-bonus/,Lost,0,19,,-19,8.23,,-8.23,0,1,,-1,spin.ro casino,,1900,,14,,,
https://biletu-zilei.com/coduri-bonus/one-casino-cod-bonus/,Lost,0,0,,,0.01,,-0.01,0,1,,-1,1casino,,1000,,5,,,
https://biletu-zilei.com/ponturi-pariuri/tenis-10052026/,Lost,0,0,,,0.01,,-0.01,0,1,,-1,ponturi tenis,,1500,,20,,,
https://biletu-zilei.com/rotiri-gratuite-cazino/bonus-fara-depunere-casino/,Lost,0,1,,-1,0.99,,-0.99,0,1,,-1,bonus fara depunere 2026,,2100,,30,,,
https://biletu-zilei.com/aplicatii-jocuri-de-noroc/vlad-cazino-app/,Lost,0,1,,-1,1.47,,-1.47,0,1,,-1,vlad cazino download,,30,,10,,,
https://biletu-zilei.com/tutoriale/fortuna-verificare-cont/,Lost,0,0,,,0.00,,0.00,0,1,,-1,cont fortuna,,400,,9,,,
https://biletu-zilei.com/metode-contact-cazino/contact-betmen/,Lost,0,0,,,0.00,,0.00,0,1,,-1,betmen,,15000,,7,,,
https://biletu-zilei.com/aplicatii-jocuri-de-noroc/aplicatie-betmen/,Lost,0,0,,,0.13,,-0.13,0,1,,-1,betmen.ro,,1300,,4,,,
https://biletu-zilei.com/roata-norocului-casino/,Lost,0,0,,,0.20,,-0.20,0,1,,-1,roata norocului casino,,1200,,30,,,
https://biletu-zilei.com/autoexcludere/inchidere-cont-fortuna/,Lost,0,0,,,0.00,,0.00,0,1,,-1,cont fortuna,,400,,19,,,
https://biletu-zilei.com/bingo-online/bingo-bonus-fara-depunere/,Lost,0,0,,,0.02,,-0.02,0,1,,-1,bingo bonus fara depunere,,900,,41,,,
https://biletu-zilei.com/recenzii/elite-slots-pareri/,Lost,0,0,,,0.29,,-0.29,0,1,,-1,elite slots casino,,600,,26,,,
https://biletu-zilei.com/ponturi-pariuri/olympiakos-panathinaikos-ponturi-pariuri-13052026/,Lost,0,0,,,,,,0,1,,-1,olympiakos panathinaikos,,10,,6,,,
https://biletu-zilei.com/metode-plata/elite-slots-retragere/,Lost,0,3,,-3,2.18,,-2.18,0,1,,-1,elite slots casino,,600,,17,,,
https://biletu-zilei.com/poker-online-romania/lista-mainilor-de-poker/,Lost,0,0,,,0.00,,0.00,0,1,,-1,chinta poker,,250,,59,,,
https://biletu-zilei.com/author/alin_nv/,Lost,0,0,,,0.25,,-0.25,0,1,,-1,ponturi alin,,900,,29,,,
https://biletu-zilei.com/bonus-aniversar/bonus-aniversar-casa-pariurilor/,Lost,0,8,,-8,10.75,,-10.75,0,1,,-1,casa pariurilor bonus de ziua ta,,50,,2,,,
https://biletu-zilei.com/recenzii/pareri-redsevens/,Lost,0,9,,-9,4.86,,-4.86,0,1,,-1,red sevens casino,,450,,11,,,
https://biletu-zilei.com/loterii-internationale/loto-canada-6-49/,Lost,0,2,,-2,,,,0,1,,-1,canada 5/41 ultimele rezultate,,500,,20,,,
https://biletu-zilei.com/loterii-internationale/loto-elvetia-6-42/,Lost,0,4,,-4,,,,0,1,,-1,elvetia 6/42,,100,,8,,,
https://biletu-zilei.com/recenzii/pareri-one-casino/,Lost,0,0,,,0.00,,0.00,0,1,,-1,1casino,,1000,,29,,,
https://biletu-zilei.com/tutoriale/excelbet-verificare-cont/,Lost,0,0,,,0.00,,0.00,0,1,,-1,excelbet verificare,,10,,4,,,
https://biletu-zilei.com/tutoriale/mozzartbet-inregistrare/,Lost,0,2,,-2,1.30,,-1.30,0,1,,-1,mozzart cont,,30,,6,,,
https://biletu-zilei.com/promotii/bonus-casino-online/50-rotiri-gratuite-betano-fara-depunere-in-ajun-de-paste/,Lost,0,1,,-1,1.76,,-1.76,0,1,,-1,50 rotiri gratuite betano,,40,,10,,,
https://biletu-zilei.com/aplicatii-jocuri-de-noroc/aplicatia-netbet/,Lost,0,2,,-2,4.23,,-4.23,0,1,,-1,netbet aplicatie,,100,,9,,,
https://biletu-zilei.com/blog-pariuri-cazino/trivia-adevarat-sau-fals-betano/,Lost,0,1,,-1,0.93,,-0.93,0,1,,-1,trivia betano,,0,,2,,,
https://biletu-zilei.com/metode-plata/royal-casino-depunere-retragere/,Lost,0,0,,,0.00,,0.00,0,1,,-1,royalslots,,3100,,15,,,
https://biletu-zilei.com/rotiri-gratuite-cazino/prowin-bonus-fara-depunere/,Lost,0,390,,-390,194.76,,-194.76,0,1,,-1,prowin casino,,13000,,9,,,
https://biletu-zilei.com/rotiri-gratuite-cazino/500-rotiri-gratuite-fara-depunere/,Lost,0,3,,-3,7.18,,-7.18,0,1,,-1,500 rotiri gratuite fara depunere,,3000,,24,,,
https://biletu-zilei.com/recenzii/pareri-bilion-casino/,Lost,0,15,,-15,13.40,,-13.40,0,1,,-1,billion casino,,2400,,16,,,
https://biletu-zilei.com/ponturi-pariuri/tenis-09052026/,Lost,0,0,,,0.00,,0.00,0,1,,-1,ponturi tenis,,1500,,50,,,
https://biletu-zilei.com/rotiri-gratuite-cazino/efbet-rotiri-gratuite/,Lost,0,10,,-10,8.63,,-8.63,0,2,,-2,efbet bonus fara depunere,,150,,9,,,
https://biletu-zilei.com/recenzii/spin-pareri/,Lost,0,2,,-2,0.88,,-0.88,0,1,,-1,spin.ro casino,,1900,,24,,,
https://biletu-zilei.com/rotiri-gratuite-cazino/victory-bet-bonus-fara-depunere/,Lost,0,13,,-13,4.89,,-4.89,0,1,,-1,victory bet casino,,1000,,13,,,
